Country Name,Country Code,1960,1961,1962,1963,1964,1965,1966,1967,1968,1969,1970,1971,1972,1973,1974,1975,1976,1977,1978,1979,1980,1981,1982,1983,1984,1985,1986,1987,1988,1989,1990,1991,1992,1993,1994,1995,1996,1997,1998,1999,2000,2001,2002,2003,2004,2005,2006,2007,2008,2009,2010,2011
Arab World,ARB,0,,,,,0,,,,,0,,,,,0,0,0,0,0,0,0,0.001365713,0.002031462,0.002738223,0.004482418,0.011357055,0.017304158,0.019692052,0.028618736,0.038708844,0.055814617,0.042453423,0.055267326,0.071276089,0.196889107,0.354150861,0.608882663,0.93141683,1.484755021,3.166079883,5.721773184,8.484355071,11.53270585,16.80990993,26.90843487,39.02488198,52.63239868,62.98854116,76.02668377,87.80708648,
Caribbean small states,CSS,0,,,,,0,,,,,0,,,,,0,0,0,0,0,0,0,0,0,0,0,0,0,0,0,0.03479519,0.097820199,0.230867556,0.405761138,0.627279588,1.088605853,1.366529488,1.721020867,2.241644514,4.087095855,11.15778339,18.77691383,31.38447247,43.11901027,55.4634362,65.38655207,83.30008722,95.24091818,104.4305525,112.054745,120.6474564,
East Asia & Pacific (all income levels),EAS,0,,,,,0,,,,,0,,,,,0,0,0,0,0,0,0.000838917,0.001231621,0.001665059,0.002672003,0.004202863,0.007522988,0.013040873,0.024013183,0.050683591,0.090394861,0.14869864,0.216949116,0.318499339,0.587261357,1.268569648,2.512408274,3.774657703,5.35463041,7.896200311,11.48944817,15.93359847,20.11679235,24.91869504,29.83598266,34.35131016,39.81509974,48.45361726,57.64850905,65.37030947,76.67914767,
East Asia & Pacific (developing only),EAP,0,,,,,0,,,,,0,,,,,0,0,0,0,0,0,0,0,0,0.000120644,0.000139161,0.001078824,0.00198742,0.003678724,0.006468039,0.011609209,0.022129832,0.043718582,0.093195518,0.186304676,0.389744082,0.682909977,1.134199077,1.754590777,3.019790838,5.776878321,9.850366014,13.81455038,18.67475001,23.80027067,28.43528836,34.14147776,43.00324554,52.97068551,61.1715732,73.30524484,
Euro area,EMU,0,,,,,0,,,,,0,,,,,0,0,0,0,0,0.007928908,0.009510797,0.0113653,0.016206607,0.021104862,0.034462943,0.056226196,0.091670399,0.157740759,0.258332558,0.447989923,0.731325348,1.060136864,1.637290316,2.556787772,4.189484396,7.299646382,12.73953025,22.20509516,38.23203685,59.90656773,72.29564085,76.84304363,82.63901514,88.97240778,97.55370893,105.4466002,115.3995748,120.5618564,120.6062875,122.386083,
Europe & Central Asia (all income levels),ECS,0,,,,,0,,,,,0,,,,,0,0,0,0,0,0.002994432,0.006373396,0.009995966,0.015529077,0.023923638,0.041859622,0.068773295,0.116396321,0.192022995,0.301445587,0.415244838,0.56536842,0.745453648,1.103830378,1.796461979,2.850159739,4.486618935,7.198751638,12.29148238,21.34519889,34.13902358,42.02540268,47.68350725,55.15344665,66.3513999,81.21026088,94.78652895,106.5085715,115.6982758,120.9236659,123.9995601,
Europe & Central Asia (developing only),ECA,0,,,,,0,,,,,0,,,,,0,0,0,0,0,0,0,0,0,0,0,9.90223E-05,0.001370009,0.002618754,0.004114996,0.008333216,0.012545434,0.017838156,0.026397011,0.06032698,0.160248819,0.318804711,0.724744475,1.508751047,3.295586628,6.613829797,10.2502931,15.52767698,23.84219826,40.18733463,61.83183556,81.27826403,95.79497916,109.7239839,119.967281,124.3276837,
European Union,EUU,0,,,,,0,,,,,0,,,,,0,0,0,0,0,0.00511008,0.010544781,0.014770101,0.022238983,0.034115906,0.06064555,0.100453714,0.174364061,0.294004399,0.473495476,0.653817549,0.896717394,1.191134753,1.789766487,2.923269366,4.597221804,7.250876099,11.60353112,19.84868068,34.14973171,53.81811867,65.05828825,71.17425349,78.14548601,86.18147421,95.92438088,105.0486209,115.0674387,120.7938773,121.9067475,123.5454711,
Heavily indebted poor countries (HIPC),HPC,0,,,,,0,,,,,0,,,,,0,0,0,0,0,0,0,0,0,0,0,0,0,0,0,0,7.65936E-05,0.00084035,0.001805424,0.004046115,0.010009122,0.026157066,0.063954704,0.140656748,0.27633695,0.586341671,1.056188579,1.664505676,2.732739292,4.228017189,6.354604442,10.78732038,16.81195848,25.00638151,31.2872248,37.50643423,
High income,HIC,0,,,,,0,,,,,0,,,,,0,0,0,0,0,0.002618705,0.00943467,0.014953757,0.023102915,0.038448361,0.08858426,0.154722881,0.267978323,0.45059805,0.758463781,1.110688752,1.579130162,2.193940866,3.128419454,4.915072809,7.758931235,12.09865242,17.07346682,24.48832262,35.82873611,49.88833552,58.74216472,64.25291315,70.20043635,76.75442282,83.91568817,91.47481595,99.76213543,104.4702747,107.7642924,110.5132173,
High income: nonOECD,NOC,0,,,,,0,,,,,0,,,,,0,0,0,0,0,0,0,0.005462638,0.008206679,0.014322809,0.029368111,,0.144811049,0.227922226,0.468000305,0.585379966,0.978155694,1.430303281,1.938198485,2.586816883,3.823584507,5.631654663,8.818148343,16.1502314,28.94221547,44.16195993,54.47621406,64.15753426,71.55233578,74.17210036,83.31708274,95.4529723,112.8480981,126.0862454,140.5758571,150.9142599,
High income: OECD,OEC,0,,,,,0,,,,,0,,,,,0,0,0,0,0,0.00274113,0.010044525,0.015590114,0.024179519,0.039723145,0.091692157,0.158129418,0.273971402,0.462237838,0.773706503,1.148088743,1.622027793,2.247372875,3.212828703,5.081253287,8.051096407,12.58216925,17.69707207,25.1228167,36.35747888,50.33126581,59.07589563,64.26045389,70.09247047,76.96358458,83.96484114,91.14222168,98.64447451,102.5837261,104.8463078,106.8637204,
Latin America & Caribbean (all income levels),LCN,0,,,,,0,,,,,0,,,,,0,0,0,0,0,0,0,0,0,0,0,0,0.000953006,0.002864152,0.007255725,0.028388951,0.066213592,0.141520976,0.244028987,0.476721677,0.81619238,1.358681898,2.565239728,4.207773557,7.826140296,12.25841256,16.05997408,18.993145,23.30645802,31.84703836,43.32193871,54.5075444,67.22018343,80.02668075,89.07124234,98.39207965,
Latin America & Caribbean (developing only),LAC,0,,,,,0,,,,,0,,,,,0,0,0,0,0,0,0,0,0,0,0,0,0,0.000797821,0.004596152,0.023638011,0.058709994,0.128696822,0.224749741,0.443035361,0.761405431,1.301536942,2.509750311,4.124482721,7.731682999,12.08805094,15.83879695,18.78168212,23.11130026,31.63415457,43.14315085,54.3027255,67.0892599,79.9613445,89.05767218,98.42019495,
Least developed countries: UN classification,LDC,0,,,,,0,,,,,0,,,,,0,0,0,0,0,0,0,0,0,0,0,0,0,0,0,0,0,0.000455274,0.002596916,0.00507597,0.008967717,0.015753691,0.029517745,0.064569318,0.118848888,0.265063019,0.531313839,0.998415113,1.681508186,2.824916471,4.982568698,9.116763279,15.05858397,21.64830241,26.78361955,33.63027239,
Low & middle income,LMY,0,,,,,0,,,,,0,,,,,0,0,0,0,0,0,0,0,0,4.57929E-05,5.2351E-05,0.000416368,0.000945459,0.001783592,0.003461601,0.007891061,0.016026433,0.03219226,0.062527972,0.129828283,0.25399643,0.447430505,0.810380977,1.311898028,2.358199467,4.2463786,6.641323454,9.114409704,12.59683427,17.48753496,23.94941232,31.91978604,40.86038206,51.08897797,60.44956095,71.82856475,
Low income,LIC,0,,,,,0,,,,,0,,,,,0,0,0,0,0,0,0,0,0,0,0,0,0,0,0,0,0,0.000315784,0.001581314,0.003475464,0.007186483,0.012559248,0.024968081,0.057029637,0.121094096,0.260316213,0.545053847,0.971376865,1.579809615,2.56685686,4.591967817,8.59879528,14.27336129,20.71531425,25.78335852,33.13209513,
Lower middle income,LMC,0,,,,,0,,,,,0,,,,,0,0,0,0,0,0,0,0,0,0.000112993,0.000128011,0.000279364,0.000542908,0.000715109,0.000994336,0.001482176,0.004252854,0.006757697,0.012436524,0.021044009,0.054356459,0.118895002,0.210659872,0.293654247,0.550120292,1.168922069,2.124143559,3.290368948,5.402244951,8.536648685,13.48855896,22.13172843,31.80148059,44.03673255,55.68554955,71.73427192,
Middle East & North Africa (all income levels),MEA,0,,,,,0,,,,,0,,,,,0,0,0,0,0,0,0,0.001277149,0.001893904,0.002544213,0.004138363,0.010449278,0.015919587,0.018064608,0.026197564,0.04100316,0.060177721,0.05333621,0.07581482,0.118945177,0.346564287,0.711518166,1.212141633,1.703657518,2.470398619,4.604644491,7.594340339,10.33374299,13.39064943,18.58721054,28.745593,41.16020262,56.81117679,68.80480334,82.53823848,96.9772804,
Middle East & North Africa (developing only),MNA,0,,,,,0,,,,,0,,,,,0,0,0,0,0,0,0,0,0,0,0,0,0.001410644,0.00166222,0.002274614,0.003445301,0.005886765,0.007570053,0.011290661,0.017859734,0.080530151,0.141382809,0.325985847,0.483714,0.844808019,2.202831257,4.371244364,5.989296723,8.344101326,12.92412366,22.19367542,33.97004899,48.1804586,59.15477177,71.76029872,86.05098759,
Middle income,MIC,0,,,,,0,,,,,0,,,,,0,0,0,0,0,0,0,0,0,5.1614E-05,5.91006E-05,0.000470195,0.001068534,0.002017471,0.003918992,0.008939235,0.018175526,0.036183366,0.070219234,0.145904801,0.288342127,0.508519692,0.921832541,1.491539241,2.681554801,4.827685962,7.539152029,10.32575694,14.2517643,19.73112674,26.88808025,35.44825455,45.00265542,55.86512884,65.9520187,78.03566559,
North America,NAC,0,,,,,0,,,,,0,,,,,0,0,0,0,0,0,,,,0.03501762,0.133453445,0.278469214,0.49442938,0.837186526,1.405564331,2.11476478,2.963731687,4.230630854,6.005899442,8.896817518,12.30386883,15.89580411,19.66183519,24.35555047,30.02922069,37.7700338,44.02292672,48.17490282,54.0530173,61.52982018,67.32985441,75.04361084,80.67812055,83.99721411,87.55930821,88.2068827,
Not classified,INX,,,,,,,,,,,,,,,,,,,,,,,,,,,,,,,,,,,,,,,,,,,,,,,,,,,,
OECD members,OED,0,,,,,0,,,,,0,,,,,0,0,0,0,0,0.002394377,0.008368338,0.012953061,0.019818496,0.033892176,0.078270727,0.136552808,0.236562777,0.398626206,0.666974351,0.994969327,1.41179516,1.962047475,2.793666079,4.409086224,6.970956139,10.8830077,15.34744015,21.96931147,32.33539031,45.43151834,53.84053025,58.90179334,64.55081004,71.67796589,79.02467317,86.50907741,94.46025634,98.68837425,100.92834,103.2845494,
Other small states,OSS,0,,,,,0,,,,,0,,,,,0,0,0,0,0,0,0,0,0,0,0,0,0,0,0,0.018400343,0.020396277,0.027076302,0.044426064,0.069470835,0.154846651,0.291271539,0.548169535,0.927290754,2.001018481,4.849731189,7.464044278,10.31129286,12.94815464,19.57333963,25.44932151,33.05822693,44.14196991,58.24520575,65.2663383,75.83358115,
Pacific island small states,PSS,,,,,,,,,,,,,,,,,,0,0,0,0,0,0,0,0,0,0,0,0,0,0,0,0,0,0.089178563,0.172175738,0.264595221,0.398427348,0.577889714,1.465641116,3.10448935,4.392060023,5.281924167,5.810438499,7.70077697,10.83105758,14.7279327,25.73387358,31.19860057,42.50186115,56.61163584,
Small states,SST,0,,,,,0,,,,,0,,,,,0,0,0,0,0,0,0,0,0,0,0,0,0,0,0,0.021023873,0.040953265,0.083677422,0.144133322,0.226943608,0.42349036,0.597895189,0.869298077,1.268752729,2.539282875,6.452581461,10.3204509,15.63905941,19.97850377,27.26965,33.7664498,43.42808647,54.6204325,66.41254341,73.98555471,84.39002597,
South Asia,SAS,0,,,,,0,,,,,0,,,,,0,0,0,0,0,0,0,0,0,0,0,0,0,0,0,0.000262399,0.000878692,0.001369364,0.002551772,0.004405662,0.013475458,0.036301846,0.087614021,0.121818835,0.186716329,0.329814528,0.598059255,1.161055537,2.666497282,4.223065153,7.707307694,14.87352417,22.20660583,31.72769392,43.89046042,58.81099332,
Sub-Saharan Africa (all income levels),SSF,0,,,,,0,,,,,0,,,,,0,0,0,0,0,0,0,0,0,0,0,0,0,0,0.000797576,0.001536609,0.001821951,0.003468405,0.011486882,0.070539122,0.102667385,0.180077267,0.339739839,0.611318348,0.995022918,1.716378728,2.492359929,3.582174676,4.969376279,7.414152568,12.0510132,17.80978954,23.28291996,32.11194075,37.82012646,44.93159767,
Sub-Saharan Africa (developing only),SSA,0,,,,,0,,,,,0,,,,,0,0,0,0,0,0,0,0,0,0,0,0,0,0,0.000798156,0.00153773,0.001823288,0.00347117,0.01149612,0.070596324,0.102744965,0.180204124,0.339952425,0.611742787,0.995702748,1.7169688,2.49212418,3.580442089,4.967555844,7.411667602,12.0478553,17.80866255,23.28291076,32.11596518,37.8270457,44.92166262,
Upper middle income,UMC,0,,,,,0,,,,,0,,,,,0,0,0,0,0,0,0,0,0,0,0,0.000633566,0.001520981,0.003145005,0.006466998,0.015464864,0.030428601,0.062318361,0.121967178,0.258607206,0.500909577,0.865163483,1.576710675,2.604413312,4.677092279,8.284068145,12.69656045,17.08408311,22.83004721,30.63991906,40.06076412,48.65410873,58.20927808,67.80133823,76.4014988,84.49350286,
World,WLD,0,,,,,0,,,,,0,,,,,0,0,0,0,0,0.000531044,0.001488979,0.002333763,0.003390445,0.006869562,0.015900358,0.029609284,0.051015666,0.085190573,0.142282949,0.212058815,0.303128193,0.428346422,0.620384422,0.993871716,1.591781343,2.50846459,3.667608678,5.351060106,8.150031722,12.08754668,15.5379084,18.47768333,22.32530786,27.44321961,33.97387065,41.84542792,50.61833001,59.89922802,68.22355147,78.15610588,
Afghanistan,AFG,0,,,,,0,,,,,0,,,,,0,0,0,0,0,0,0,0,0,0,0,0,0,0,0,0,0,0,0,0,0,0,0,0,0,0,0,0.0910232,0.707821315,2.064079602,4.012711975,8.195869376,14.76202268,24.2911387,35.88696104,37.80718336,
Albania,ALB,0,,,,,0,,,,,0,,,,,0,0,0,0,0,0,0,0,0,0,0,0,0,0,0,0,0,0,0,0,0,0.073893279,0.10673042,0.181875047,0.358248786,0.969804574,12.75923855,27.54243185,35.40733402,40.30867293,48.70596473,60.50436434,73.27070842,98.73608984,130.3468857,141.8972543,
Algeria,DZA,0,,,,,0,,,,,0,,,,,0,0,0,0,0,0,0,0,0,0,0,0,0,0,0,0.001857768,0.018437704,0.01800213,0.017596677,0.004857468,0.016580899,0.040643551,0.059501588,0.060659788,0.239210526,0.281654835,0.322765829,1.431989621,4.533907979,15.0710173,41.53845929,62.88327422,81.29012327,78.51588828,93.64711494,92.42180275,
American Samoa,ASM,0,,,,,0,,,,,0,,,,,0,0,0,0,0,0,0,0,0,0,0,0,,,,0,0,1.409925878,1.771618669,2.31280717,2.362100569,2.411829094,2.553160448,2.690824289,3.176451903,3.456832972,3.67711016,3.411128051,3.455425017,3.63659873,,,,,,,
Andorra,AND,0,,,,,0,,,,,0,,,,,0,0,0,0,0,0,0,0,0,0,0,0,0,0,0,0,0,1.332940952,1.285643646,1.242255708,4.366373514,8.413693716,13.27786765,21.97335243,32.19504571,36.42510134,44.32745895,47.49214258,71.87097489,77.51952399,82.88824979,86.39106593,78.02309866,77.74804122,77.14067187,77.17642345,
Angola,AGO,0,,,,,0,,,,,0,,,,,0,0,0,0,0,0,0,0,0,0,0,0,0,0,0,0,0,0,0.009673093,0.015532711,0.016472389,0.026484163,0.055127184,0.074743507,0.17762548,0.185303094,0.521258883,0.940198411,2.269787897,4.6373295,9.770852982,17.95740315,28.31059686,37.55055726,43.70450412,46.68902631,
Antigua and Barbuda,ATG,0,,,,,0,,,,,0,,,,,0,0,0,0,0,0,0,0,0,0,0,0,0,0,,0,,,,,,1.845280341,1.935787174,2.021835827,11.18641837,28.33007108,31.5796122,47.45550076,56.41490039,65.18747435,102.4834358,129.6932385,130.7744225,157.2173433,153.6696203,190.875,
Argentina,ARG,0,,,,,0,,,,,0,,,,,0,0,0,0,0,0,0,0,0,0,0,0,0,0,0.007145704,0.036761955,0.075543355,0.13890867,0.329585912,0.700640714,1.163084605,1.890265151,5.625303077,7.391416802,10.53300661,17.56789993,18.07348141,17.43814088,20.63677588,35.24285031,57.27961101,80.74649221,102.6257449,117.1083875,131.0023571,141.7895675,
Armenia,ARM,0,,,,,0,,,,,0,,,,,0,0,0,0,0,0,0,0,0,0,0,0,0,0,0,0,0,0,0,0,0,0.009457204,0.159497977,0.251873452,0.264056708,0.568447429,0.831884559,2.330853915,3.737199213,6.638418448,10.37341069,41.03667809,61.03775282,46.83206418,71.03776071,125.0114489,
Aruba,ABW,0,,,,,0,,,,,0,,,,,0,0,0,0,0,0,0,0,0,0,0,0,0,0,0,0,0,0.02928858,,,2.138864335,3.611455537,3.994786346,6.196229284,13.5682142,16.61663214,57.38228511,65.33045795,72.20851613,99.33667185,102.3971246,106.1522135,108.9815303,114.4798438,120.0615315,122.037037,
Australia,AUS,0,,,,,0,,,,,0,,,,,0,0,0,0,0,0,0,0,0,0,0,0,0.027195199,0.191275208,0.562190741,1.083749875,1.686293682,2.84081166,3.905586687,6.832819938,12.40593183,21.79018077,24.7232273,26.28400406,33.366797,44.70317966,57.34301757,64.47377795,72.11214653,81.87843437,90.31713966,95.46862242,100.8897853,102.8908994,101.1311197,100.9013857,
Austria,AUT,0,,,,,0,,,,,0,,,,,0,0,0,0,0,0,0,0,0,0,0.129041895,0.252371465,0.346197139,0.486518889,0.665667747,0.959878091,1.488118917,2.199456707,2.793691536,3.505479631,4.825384819,7.522386244,14.55439298,28.74464901,53.18093961,76.35211393,81.33252544,83.34614995,89.56558475,97.79776372,105.3133214,112.2433541,119.41035,129.7360682,136.6840899,145.8998808,
Azerbaijan,AZE,0,,,,,0,,,,,0,,,,,0,0,0,0,0,0,0,0,0,0,0,0,0,0,0,0,0,0,0,0.006581545,0.07807417,0.218987505,0.510317992,0.821433085,4.634994206,5.223268643,8.999901371,9.718610613,12.83807581,17.53473786,26.71639746,39.17119942,52.66101873,74.71985759,86.69843884,100.5093108,
"Bahamas, The",BHS,0,,,,,0,,,,,0,,,,,0,0,0,0,0,0,0,0,0,0,0,0,0,0,0,0.750406047,0.774406257,0.978322628,0.886956457,,1.465468557,1.744237284,2.158646598,2.777978532,5.412125665,10.59092696,20.07751835,39.81641656,39.4028388,59.09880885,71.32152631,78.06650497,113.7255558,107.3095147,106.0450765,124.8912536,
Bahrain,BHR,0,,,,,0,,,,,0,,,,,0,0,0,0,0,0,0,0,0,0,0,0.143439056,0.383734327,0.624426635,0.889339847,1.044247105,1.451394851,1.863204643,2.13388634,3.230343517,4.936778823,6.971477473,9.872577093,15.06175182,21.29474364,32.23585969,46.62760113,60.58373698,68.46935244,96.72561629,105.8354845,111.8340913,120.55085,136.9097428,119.8700728,124.1679873,
Bangladesh,BGD,0,,,,,0,,,,,0,,,,,0,0,0,0,0,0,0,0,0,0,0,0,0,0,0,0,0,0.000226808,0.000443871,0.000959508,0.002127896,0.003335316,0.021246968,0.06009454,0.117124699,0.21529061,0.394104846,0.800646905,0.999891821,2.006414024,6.401687906,13.43906744,23.87521729,30.68498876,35.65935407,46.16926264,
Barbados,BRB,0,,,,,0,,,,,0,,,,,0,0,0,0,0,0,0,0,0,0,0,0,0,0,0,0,0.186671071,0.304822008,0.59568131,1.129696121,1.751602029,2.377789636,3.022769797,4.512279039,7.613267456,10.64143157,19.80334984,36.15636149,51.96945681,74.13973854,76.22466294,87.47777261,94.83760281,106.0555515,123.5787351,127.7594891,
Belarus,BLR,0,,,,,0,,,,,0,,,,,0,0,0,0,0,0,0,0,0,0,0,0,0,0,0,0,0,0,0.003164372,0.016857338,0.057847754,0.064448819,0.080725512,0.120717052,0.233751868,0.493283358,1.387416168,4.661259446,11.32270188,22.79295601,41.93608134,61.2381197,71.73778602,84.64903145,101.8849269,108.881981,
Belgium,BEL,0,,,,,0,,,,,0,,,,,0,0,0,0,0,0,0,0,0,0,0,0.038512149,0.073179623,0.193442234,0.309840399,0.430203366,0.513969433,0.611837066,0.672033001,1.266073807,2.320828513,4.707975681,9.571462036,17.21342373,31.16048736,54.91037678,74.82571936,78.40845426,82.93874028,87.6267628,91.65994902,93.35811728,101.0580103,105.8985303,109.065416,111.5458976,
Belize,BLZ,0,,,,,0,,,,,0,,,,,0,0,0,0,0,0,0,0,0,0,0,0,0,0,0,0,0,0,0.195121951,0.394312796,0.714549654,0.983783784,1.106086957,1.482180294,2.711229947,6.730184147,15.21764477,19.50565611,22.06905371,26.53927813,32.89924606,39.15244902,37.98202247,49.68394908,48.55432173,56.29014493,
Benin,BEN,0,,,,,0,,,,,0,,,,,0,0,0,0,0,0,0,0,0,0,0,0,0,0,0,0,0,0,0,0,0.018580319,0.046496169,0.071725673,0.102133196,0.11484363,0.851144786,1.859749035,3.153221,3.296242723,6.208744678,7.810924555,13.41166535,25.29131017,43.38648489,58.51526389,79.94253107,
Bermuda,BMU,0,,,,,0,,,,,0,,,,,0,0,0,0,0,0,0,0,0,0,0,0,,,1.25,1.838016529,2.360655738,3.173770492,5.573770492,8.363784666,10.24959481,12.91555554,16.60847128,20.29108642,20.63033413,20.92353254,21.34646174,47.80876494,63.45177665,77.38471257,82.93220072,94.20062696,107.8125,123.0529595,131.9875776,136.5325077,
Bhutan,BTN,0,,,,,0,,,,,0,,,,,0,0,0,0,0,0,0,0,0,0,0,0,0,0,0,0,0,0,0,0,0,0,0,0,0,0,0,0,0.361128772,2.979140722,5.460394696,12.16545301,21.70245766,36.13378522,47.49259106,54.31349862,
Bolivia,BOL,0,,,,,0,,,,,0,,,,,0,0,0,0,0,0,0,0,0,0,0,0,0,0,0,0,0.004329427,0.022239212,0.037250266,0.055529467,0.09676178,0.43730889,1.517528788,3.001692209,5.164691315,7.013393605,9.200705132,11.83501049,14.50609018,20.04681775,26.4730877,30.90413747,34.38908471,52.3846526,66.14241596,72.30630476,
Bosnia and Herzegovina,BIH,0,,,,,0,,,,,0,,,,,0,0,0,0,0,0,0,0,0,0,0,0,0,0,0,0,0,0,0,0,0,0.045376553,0.267410186,0.723532699,1.460722078,2.528252174,11.86411694,19.83059327,28.41317497,37.22051707,42.16785449,49.92135579,64.8426291,84.23152783,86.45204493,82.71896277,
Botswana,BWA,0,,,,,0,,,,,0,,,,,0,0,0,0,0,0,0,0,0,0,0,0,0,0,0,0,0,0,0,0,0,0,0,0.895854946,5.323522621,12.6393333,18.61997737,18.37638674,24.31405034,28.22739781,30.05758466,43.29884976,59.75289748,76.00645992,94.57628675,117.7583956,
Brazil,BRA,0,,,,,0,,,,,0,,,,,0,0,0,0,0,0,0,0,0,0,0,0,0,0,0,0.000445706,0.004403639,0.020700973,0.115934035,0.36010928,0.794283348,1.520089834,2.726687053,4.349348021,8.743180198,13.29403443,16.25182871,19.45513659,25.53128953,35.67944477,46.3528917,53.16001917,63.7414822,78.64616123,90.01936334,104.1026915,
Brunei Darussalam,BRN,0,,,,,0,,,,,0,,,,,0,0,0,0,0,0,0,0,0,0,0,0,0,0,,0.702825979,1.166346002,1.537890657,3.026558929,5.540070922,12.38924914,14.64527504,14.76736478,15.7355805,20.64732492,29.04878974,42.77100506,44.98060512,50.85428548,56.87820803,64.13804689,81.38972826,96.98685873,103.681358,105.3708557,109.0486216,
Bulgaria,BGR,0,,,,,0,,,,,0,,,,,0,0,0,0,0,0,0,0,0,0,0,0,0,0,0,0,0,0,0.011803152,0.076981464,0.248867871,0.317930805,0.84214903,1.538128759,4.262769797,9.03285757,19.32600375,33.01211875,44.74779183,60.7843868,80.68478921,107.2008645,129.2138635,136.8027237,137.8331106,135.3854792,
Burkina Faso,BFA,0,,,,,0,,,,,0,,,,,0,0,0,0,0,0,0,0,0,0,0,0,0,0,0,0,0,0,0,0,0,0.004776127,0.013298992,0.023491633,0.042136262,0.20534387,0.602333531,0.852933459,1.777404654,2.871258739,4.462130866,6.952475421,12.33664652,19.49145802,23.92086098,34.66025018,
Burundi,BDI,0,,,,,0,,,,,0,,,,,0,0,0,0,0,0,0,0,0,0,0,0,0,0,0,0,0,0,0.005949479,0.006282068,0.009266027,0.009136424,0.010013762,0.009962216,0.01273143,0.256026225,0.514119754,0.781241666,0.935841623,1.428503648,2.109930408,2.67581331,3.502953704,6.050115914,10.26103395,13.72584109,
Cambodia,KHM,0,,,,,0,,,,,0,,,,,0,0,0,0,0,0,0,0,0,0,0,0,0,0,0,0,0,0,0.045638969,0.094263809,0.126239644,0.201573316,0.286040961,0.511799974,0.72900836,1.048827307,1.765952113,2.958298424,3.826638947,6.529502399,7.950545511,12.73797556,18.89791532,30.65260163,44.84220559,57.64738666,
Cameroon,CMR,0,,,,,0,,,,,0,,,,,0,0,0,0,0,0,0,0,0,0,0,0,0,0,0,0,0,0,0,0.011773624,0.020085598,0.024496981,0.02870439,0.033386306,0.039154138,0.658739814,2.601632433,4.275374,6.417067947,8.918404823,12.83217922,17.47201351,24.71931641,32.84272035,41.74241623,44.06679933,
Canada,CAN,0,,,,,0,,,,,0,,,,,0,0,0,0,0,0,0,0,0,0,0.046257035,0.228972676,0.370485876,0.753422569,1.260739983,2.100557735,2.753939225,3.599668632,4.623046609,6.408989415,8.822579546,11.7881868,13.9893021,17.67395422,22.65973534,28.36231747,34.26109729,37.85472865,41.95921202,46.94483513,52.66340678,57.55481769,61.57778443,66.30581656,70.59626104,70.43712126,
Cape Verde,CPV,0,,,,,0,,,,,0,,,,,0,0,0,0,0,0,0,0,0,0,0,0,0,0,0,0,0,0,0,0,0,0,0.00484387,0.242163517,1.879434772,4.51218787,7.078697629,9.48646022,11.59530553,14.09217111,17.28144171,22.76092643,31.51237105,56.97302466,59.1148466,74.97399194,
Cayman Islands,CYM,0,,,,,0,,,,,0,,,,,0,0,0,0,0,0,0,0,0,0,0,0,,,,0,2.042904652,3.441309648,4.189665492,5.767089735,7.727494511,,11.62014649,14.08565824,21.96740153,26.6202264,39.99905885,42.11272913,44.00292795,67.23290832,154.8653096,172.3246202,185.6233655,177.7972692,194.9303301,177.6471634,
Central African Republic,CAF,0,,,,,0,,,,,0,,,,,0,0,0,0,0,0,0,0,0,0,0,0,0,0,0,0,0,0,0,0,0.001322231,0.031440347,0.039322313,0.04587589,0.114583457,0.134184963,0.292004286,0.329047189,1.02825781,1.518110681,2.48887473,2.691109114,4.8066062,5.899063252,15.73950564,22.25021586,
Chad,TCD,0,,,,,0,,,,,0,,,,,0,0,0,0,0,0,0,0,0,0,0,0,0,0,0,0,0,0,0,0,0,0,0,0,0,0.066891039,0.258278289,0.387263383,0.7100804,1.298181533,2.145944237,4.622014864,8.854321784,16.97991752,20.85856666,23.82942905,
Channel Islands,CHI,,,,,,,,,,,,,,,,,,,,,,,,,,,,,,,,,,,,,,,,,,,,,,,,,,,,
Chile,CHL,0,,,,,0,,,,,0,,,,,0,0,0,0,0,0,0,0,0,0,0,0,0,0,0.037712001,0.105559516,0.269082973,0.47109404,0.611555854,0.816168591,1.369340714,2.18357627,2.761044143,6.411580645,14.84212678,22.0594339,32.68852617,39.56103371,45.54119844,57.40927978,64.83713442,75.60292184,83.89941018,88.09806834,97.01862561,116.0021265,
China,CHN,0,,,,,0,,,,,0,,,,,0,0,0,0,0,0,0,0,0,0,0,0,6.45736E-05,0.00029293,0.000876503,0.001613746,0.004131459,0.015188631,0.054139371,0.131561835,0.301198069,0.562851628,1.075788062,1.921437112,3.456118014,6.752491793,11.38656288,16.08911278,20.95257684,25.83369018,30.17565121,35.16788455,41.52911673,48.40845352,56.12327059,64.18613166,
Colombia,COL,0,,,,,0,,,,,0,,,,,0,0,0,0,0,0,0,0,0,0,0,0,0,0,0,0,0,0,0,0.242485851,0.753264372,1.408838788,3.34814346,4.683327775,5.029160042,5.675464186,8.077811032,11.1898797,14.82368146,24.53793392,50.76605419,68.11229219,76.5261268,91.90986394,92.34584564,96.07442056,
Comoros,COM,0,,,,,0,,,,,0,,,,,0,0,0,0,0,0,0,0,0,0,0,0,0,0,0,0,0,0,0,0,0,0,0,0,0,0,0,0,0.328261151,1.338603813,2.414250032,5.582695868,9.15175611,13.16162483,17.12775261,22.48680272,
"Congo, Dem. Rep.",COD,0,,,,,0,,,,,0,,,,,0,0,0,0,0,0,0,0,0,0,0,0,0,0,0,0,0,,,,0.019288649,0.015895781,0.019193719,0.021108808,0.024778093,0.030225969,0.294178652,1.066842868,2.303632955,3.570488936,4.782426046,7.472649249,10.8470694,15.90658303,14.73196719,17.91912075,
"Congo, Rep.",COG,0,,,,,0,,,,,0,,,,,0,0,0,0,0,0,0,0,0,0,0,0,0,0,0,0,0,0,0,0,0,0.035585694,,0.114013619,0.163642713,2.232304443,4.668054635,6.743848974,9.806336736,11.13404425,15.79858581,25.28547818,34.51527524,47.10219822,55.08119592,93.95545387,
Costa Rica,CRI,0,,,,,0,,,,,0,,,,,0,0,0,0,0,0,0,0,0,0,0,0,0,0,0,0,0,0.093275685,0.137221757,0.206382158,0.540514362,1.308118001,1.764867281,2.907839377,3.606364498,5.399445802,8.167584574,12.30599454,18.70714093,21.79343919,25.55580076,32.94788467,33.87271011,41.71867025,42.4832763,65.14288474,
Cote d'Ivoire,CIV,0,,,,,0,,,,,0,,,,,0,0,0,0,0,0,0,0,0,0,0,0,0,0,0,0,0,0,0,0,0,0.089788463,0.232376097,0.574435142,1.583055822,2.852260869,4.312738207,5.977993032,7.336919175,9.442516964,13.03726785,22.18392262,40.0483001,55.0325599,68.1358671,76.13137096,
Croatia,HRV,0,,,,,0,,,,,0,,,,,0,0,0,0,0,0,0,0,0,0,0,0,0,0,0,0.005020921,0.044767184,0.141387025,0.245301724,0.465892473,0.721524952,1.445104584,2.633858268,4.054654521,6.477821695,23.33935834,39.52702703,52.08558559,57.1463964,63.87699932,82.16343989,98.99099099,113.4937331,132.6082544,136.2601878,144.00421,
Cuba,CUB,0,,,,,0,,,,,0,,,,,0,0,0,0,0,0,0,0,0,0,0,0,0,0,0,0,0,0.002181393,0.004633626,0.010619624,0.017787693,0.022165991,0.027237273,0.036767675,0.046402446,0.058860012,0.077009611,0.159734289,0.315452431,0.674652447,1.204292568,1.355644199,1.759317656,2.944340083,5.515195921,8.909353349,
Curacao,CUW,,,,,,,,,,,,,,,,,,,,,,,,,,,,,,,,,,,,,,,,,,,,,,,,,,,,
Cyprus,CYP,0,,,,,0,,,,,0,,,,,0,0,0,0,0,0,0,0,0,0,0,0,0,0.022809631,0.179470111,0.411654143,0.65514199,1.216300095,1.86699037,2.739830746,5.196604257,8.105217474,10.32468976,12.82174396,16.38555857,23.14485198,32.69483984,42.65170828,55.2783494,64.7991841,75.78266487,82.7824267,92.97148614,94.40464772,89.64192603,93.75077063,
Czech Republic,CZE,0,,,,,0,,,,,0,,,,,0,0,0,0,0,0,0,0,0,0,0,0,0,0,0,0,0.012048218,0.04507166,0.135945761,0.294466965,0.473504426,1.941932331,5.108038708,9.37867707,18.90878522,42.30795141,67.8665277,84.37335648,95.11451637,105.5457137,115.0456807,120.8105669,128.008769,132.1922567,135.9603508,136.8152471,
Denmark,DNK,0,,,,,0,,,,,0,,,,,0,0,0,0,0,0,0,0.140685176,0.314803775,0.598636166,0.901501479,1.124960795,1.510271846,1.978334798,2.411879841,2.883130883,3.413520134,4.081374955,6.891783338,9.67119846,15.71193186,25.01564675,27.32296044,36.40688667,49.39278992,62.99239496,73.90045464,83.2925869,88.43399608,95.60347879,100.5493934,107.1889911,115.5007161,119.3563954,123.7292315,124.7966108,
Djibouti,DJI,0,,,,,0,,,,,0,,,,,0,0,0,0,0,0,0,0,0,0,0,0,0,0,0,0,0,0,0,0,0,0.017069242,0.030491697,0.031933115,0.039349441,0.03142377,0.400211312,1.96005922,2.950079524,4.344254653,5.449628696,5.441056136,8.283846743,13.18878589,14.76636586,18.62913386,
Dominica,DMA,0,,,,,0,,,,,0,,,,,0,0,0,0,0,0,0,0,0,0,0,0,0,0,0,0,0,0,0,0,0,0.647617442,0.784800836,0.923046337,1.142808165,1.722356183,11.10199145,17.5654031,34.37283237,60.55842633,75.44432354,104.0756914,130.0523132,134.9785061,139.8663172,155.2455882,
Dominican Republic,DOM,0,,,,,0,,,,,0,,,,,0,0,0,0,0,0,0,0,0,0,0,0,,,,0.044004822,0.076364208,0.096050841,0.135813088,0.269970207,0.707135106,1.024821572,1.728709182,2.515219804,5.018039376,8.210355091,14.55471854,19.19258619,23.25538014,27.75545142,39.1103689,49.0053132,57.83556026,74.60446761,88.08763264,89.58177697,
Ecuador,ECU,0,,,,,0,,,,,0,,,,,0,0,0,0,0,0,0,0,0,0,0,0,0,0,0,0,0,0,0,0.169326989,0.477666752,0.516044701,1.074443233,2.030270948,3.154256421,3.90613286,6.844722243,12.22534867,18.46444778,26.83177492,46.5227542,62.20844317,71.77023277,83.1236759,92.84925653,102.1827169,
"Egypt, Arab Rep.",EGY,0,,,,,0,,,,,0,,,,,0,0,0,0,0,0,0,0,0,0,0,0,0.004941082,0.005549869,0.006501145,0.007036892,0.007764995,0.008326502,0.011457767,0.012077255,0.011871653,0.011674496,0.101835544,0.13900951,0.723735672,2.010246537,4.055566575,6.405021119,8.108611275,10.4922235,18.36793999,23.82092697,39.11237088,52.71313013,69.43661504,87.1056878,
El Salvador,SLV,0,,,,,0,,,,,0,,,,,0,0,0,0,0,0,0,0,0,0,0,0,0,0,0,0,0,0,0.029226115,0.085949059,0.235026296,0.401802465,0.68782825,2.332625678,8.650936696,12.51834712,14.37777603,14.84274243,19.135984,30.3971177,39.86030606,63.40635843,100.5984886,113.3951848,122.8202187,124.3393509,
Equatorial Guinea,GNQ,0,,,,,0,,,,,0,,,,,0,0,0,0,0,0,0,0,0,0,0,0,0,0,0,0,0,0,0,0,0,0.013338552,0.063493945,0.060855792,0.119047383,0.960836312,2.792282132,5.771703861,7.255257439,10.49518985,15.94434453,19.1761602,23.29424042,27.17690808,29.36361701,57.04142857,
Eritrea,ERI,0,,,,,0,,,,,0,,,,,0,0,0,0,0,0,0,0,0,0,0,0,0,0,0,0,0,0,0,0,0,0,0,0,0,0,0,0,0,0.463140607,0.901395516,1.334441996,1.757776967,2.195665263,2.768341612,3.526360868,
Estonia,EST,0,,,,,0,,,,,0,,,,,0,0,0,0,0,0,0,0,0,0,0,0,0,0,0,0,0.036507711,0.162938795,0.483492713,0.94180295,2.119676967,4.909599786,10.30342221,17.81906221,28.13207391,40.67133255,47.7384006,64.84406511,77.59119121,93.06605696,107.3696769,123.4567901,125.3547067,121.1676954,117.1806299,123.3439552,
Ethiopia,ETH,0,,,,,0,,,,,0,,,,,0,0,0,0,0,0,0,0,0,0,0,0,0,0,0,0,0,0,0,0,0,0,0,0,0.010552882,0.027077721,0.040859548,0.07295555,0.072507899,0.214450915,0.552933815,1.140493735,1.554969531,2.46018263,4.990534841,8.262808921,
Faeroe Islands,FRO,0,,,,,0,,,,,0,,,,,0,0,0,0,0,0,0,0,0,0,0,0,0,0,,0,3.040749016,3.73072747,3.570395747,4.452319295,5.882758779,7.520269025,10.74612536,14.68957122,23.87619259,37.10075859,52.82151948,73.99667689,80.10195484,86.19012835,87.09851216,103.0737494,107.4055011,112.8876268,117.2092545,122.0456599,
Fiji,FJI,0,,,,,0,,,,,0,,,,,0,0,0,0,0,0,0,0,0,0,0,0,0,0,0,0,0,0,0,0.143654706,0.283632716,0.471509966,0.655601294,0.999144483,2.897412034,6.782774313,9.933110778,11.01262225,13.4438709,17.3592544,24.92240622,34.37743797,63.45851087,71.11945579,75.08890409,81.15348837,
Finland,FIN,0,,,,,0,,,,,0,,,,,0,0,0,0,0,0.491303024,0.589129418,0.701894971,0.86960157,1.065385064,1.379766579,1.734390586,2.146337389,2.793096749,3.827896827,5.171474347,6.365248298,7.656120835,9.655168602,13.27674506,20.34394523,29.30981762,42.07477477,55.22433501,63.37139631,72.03389585,80.48536163,86.85101213,91.06298199,95.40619551,100.4556531,107.6663778,114.9616542,128.5429534,144.2252491,156.4131245,
France,FRA,0,,,,,0,,,,,0,,,,,0,0,0,0,0,0,0,0,0,0,0,0.015901426,0.068510347,0.170756476,0.308153784,0.486738657,0.641520281,0.743811926,0.970220457,1.491689642,2.19151862,4.127131469,9.710204324,18.6335732,35.51428095,47.81323721,60.45161247,62.59370124,67.17659905,71.23329486,76.32864064,81.43782803,86.73266085,90.31577525,92.34206625,97.38808845,
French Polynesia,PYF,0,,,,,0,,,,,0,,,,,0,0,0,0,0,0,0,0,0,0,0,0,0,0,0,0,0,0,0,0,0.532905773,1.23494359,2.415575051,4.826090561,9.390147817,16.79024398,27.87349657,21.32653061,24.19903607,38.1524668,47.08282654,58.88756736,66.90275307,70.74366544,77.8007733,79.66420664,
Gabon,GAB,0,,,,,0,,,,,0,,,,,0,0,0,0,0,0,0,0,0,0,0,0,0,0,0,0,0,0.028246051,0.117241197,0.244480713,0.367874614,0.608112036,0.827226371,0.822964915,0.736703948,9.714443921,11.8749332,21.6413851,22.77067501,36.40660303,53.74439441,64.27083751,82.11362868,89.63600885,92.92636144,106.9767442,
"Gambia, The",GMB,0,,,,,0,,,,,0,,,,,0,0,0,0,0,0,0,0,0,0,0,0,0,0,0,0,0,0.019734016,0.042930066,0.074157012,0.128043133,0.267286421,0.397429386,0.412066832,0.421095897,0.431737652,4.124135081,7.26725701,10.53026552,11.98225531,16.45817788,26.13298743,50.29487412,71.27504497,78.06668593,85.50300752,
Georgia,GEO,0,,,,,0,,,,,0,,,,,0,0,0,0,0,0,0,0,0,0,0,0,0,0,0,0,0,0,0,0,0.003168568,0.04982561,0.66201783,1.337106946,2.992543515,4.407600208,6.869574138,11.55884783,16.42967036,19.46703564,26.92625883,38.74233743,59.24058883,62.84843853,64.31939784,89.39802336,
Germany,DEU,0,,,,,0,,,,,0,,,,,0,0,0,0,0,0,0,0,0,0,0.001390232,0.030622577,0.062624679,0.126384902,0.207766774,0.34319351,0.665198205,1.205450972,2.18636954,3.058141602,4.560588744,6.728940209,10.08840507,16.95731341,28.55777175,58.63169424,68.1554962,71.68029917,78.51293021,86.43387376,96.12168738,103.9763172,116.9772322,128.5141156,128.201517,127.8599117,
Ghana,GHA,0,,,,,0,,,,,0,,,,,0,0,0,0,0,0,0,0,0,0,0,0,0,0,0,0,0,0.002554956,0.010816179,0.020151188,0.036477238,0.073244862,0.122462581,0.22839419,0.374156937,0.678537308,1.241817997,1.922879877,3.85974953,8.025602002,13.28366807,23.48719626,33.47973792,49.7349659,63.41781842,71.48634388,
Gibraltar,GIB,0,,,,,0,,,,,0,,,,,0,0,0,0,0,0,0,0,0,0,0,0,0,0,0,0,0,0,0,0,2.41908881,3.673155174,5.949102126,8.992938061,13.40486514,20.32324119,35.47709578,43.47064918,55.96620908,63.87663668,68.78761823,75.24711838,81.92244675,88.7765903,97.75438357,102.5851457,
Greece,GRC,0,,,,,0,,,,,0,,,,,0,0,0,0,0,0,0,0,0,0,0,0,0,0,0,0,0,0,0.458648622,1.449819886,2.567144221,4.967703855,8.701337651,18.89268732,35.87384609,54.33856452,72.72852304,84.77109032,81.06491269,84.29386222,92.40299298,98.48737853,109.8469788,122.8016781,117.8354676,108.6312831,
Greenland,GRL,0,,,,,0,,,,,0,,,,,0,0,0,0,0,0,0,0,0,0,0,0,0,0,0,0,0,0.309222423,0.793478261,1.736936937,3.677419355,7.373881932,11.57321429,15.8627451,24.10160428,26.89323843,28.18456078,35.20141343,52.40729323,68.58483272,81.63695442,94.93782365,117.4078331,99.0910382,94.93102285,101.4416104,
Grenada,GRD,0,,,,,0,,,,,0,,,,,0,0,0,0,0,0,0,0,0,0,0,0,0,0,0,0.155925156,0.152540262,0.186380814,0.287133955,0.352421133,0.399349061,0.565998391,0.965963638,1.393019097,1.985121455,4.235535155,6.304862825,7.408242933,41.38460786,42.27514519,45.61099539,44.83146831,49.70687253,57.86758964,109.9205549,117.2557692,
Guam,GUM,0,,,,,0,,,,,0,,,,,0,0,0,0,0,0,0,0,0,0,0,0,0,0,0,0,0.635081088,0.936099179,1.349572553,2.855908343,3.410987984,3.934744137,3.800266615,8.497666567,13.0730062,17.5317602,20.68580421,43.98223243,48.92073982,59.06532142,,,,,,,
Guatemala,GTM,0,,,,,0,,,,,0,,,,,0,0,0,0,0,0,0,0,0,0,0,0,0,0,0,0.003283601,0.0133719,0.022910329,0.031261203,0.106882882,0.299520502,0.423767149,0.612449632,1.039293104,3.078096727,7.625018232,9.95810951,13.36472957,16.81830986,25.54063906,35.46443646,55.07324795,89.06133481,109.1871167,123.3285161,125.5679338,
Guinea,GIN,0,,,,,0,,,,,0,,,,,0,0,0,0,0,0,0,0,0,0,0,0,0,0,0,0,0,0,0.000611218,0.011200683,0.012557442,0.012170539,0.035930147,0.265844083,0.306121779,0.504668592,0.657079468,1.054882918,1.275166818,1.742540291,2.090373135,,21.33647634,28.7683686,35.74349387,40.07212983,
Guinea-Bissau,GNB,0,,,,,0,,,,,0,,,,,0,0,0,0,0,0,0,0,0,0,0,0,0,0,0,0,0,0,0,0,0,0,0,0,0,0,0,0,0.096973292,2.94231713,7.225660692,11.27415994,20.79938716,34.40437432,37.75604399,39.21452145,
Guyana,GUY,0,,,,,0,,,,,0,,,,,0,0,0,0,0,0,0,0,0,0,0,0,0,0,0,0,0,0.116222024,0.141948852,0.172183133,0.170746684,0.164611312,0.191848363,0.199053197,0.384827805,5.433084936,10.24306193,10.75864723,18.61929345,23.08001554,37.7050125,53.45299678,71.83002074,59.57718294,68.1970962,73.56251656,
Haiti,HTI,0,,,,,0,,,,,0,,,,,0,0,0,0,0,0,0,0,0,0,0,0,0,0,0,0,0,0,0,0,0,0,0,0.119871982,0.294278358,0.636178598,1.040727003,1.566827662,3.526015771,4.341863576,5.351299664,12.65938161,26.01875661,32.86658672,36.98206481,40.02801961,
Honduras,HND,0,,,,,0,,,,,0,,,,,0,0,0,0,0,0,0,0,0,0,0,0,0,0,0,0,0,0,0,0,0,0.040496933,0.247223639,0.585208002,1.2904086,2.497060621,3.743797335,5.040628944,5.739789029,10.48772914,18.62795078,31.92974861,58.45704438,85.04628809,112.628748,125.0667237,
"Hong Kong SAR, China",HKG,0,,,,,0,,,,,0,,,,,0,0,0,0,0,0,0,0,0,0.018525723,0.080642205,0.18100858,0.501922905,0.911223257,1.568587106,2.34748006,3.297357441,4.022480821,4.928706999,8.0329887,12.96881142,21.16169684,34.36213459,48.51030762,64.70972527,81.73062266,86.03071057,94.83437375,109.1876449,121.0873295,125.407371,137.7279025,155.2379041,165.9593992,179.8645145,195.1574561,
Hungary,HUN,0,,,,,0,,,,,0,,,,,0,0,0,0,0,0,0,0,0,0,0,0,0,0,0,0.025496463,0.081718626,0.224623725,0.441341043,1.382530136,2.565600716,4.588197848,6.858626502,10.42367607,15.9037678,30.12719358,48.75968533,67.78597028,78.42978643,86.34670955,92.39555807,98.95098681,109.6874633,121.7765896,117.6582541,120.11823,
Iceland,ISL,0,,,,,0,,,,,0,,,,,0,0,0,0,0,0,0,0,0,0,0,1.086438029,2.036939872,2.610314727,3.121588914,3.928170595,4.999670283,5.842019176,6.601194426,8.211757718,11.54642798,17.40506329,24.10964563,38.05186702,62.22992923,76.41969382,87.07328542,90.57988404,96.59748343,99.31318775,95.40800852,99.38771882,104.6641803,106.1459167,106.6612454,107.2569182,
India,IND,0,,,,,0,,,,,0,,,,,0,0,0,0,0,0,0,0,0,0,0,0,0,0,0,0,0,0,0,0,0.007950347,0.033379056,0.088134708,0.117372005,0.181837897,0.33941564,0.610430941,1.194091181,3.04642698,4.650080995,7.906720258,14.35129379,19.89996983,29.1292787,43.47705819,61.42256954,
Indonesia,IDN,0,,,,,0,,,,,0,,,,,0,0,0,0,0,0,0,0,0,0.001062493,0.001206882,0.002642409,0.003616808,0.005060481,0.007134741,0.009816327,0.013084964,0.018658099,0.027612877,0.039709205,0.105638236,0.278119863,0.446775337,0.512809688,1.054537209,1.719496677,3.016115387,5.341822661,8.337231689,13.50655605,20.63762286,27.75026888,40.17301023,59.83296554,67.07578617,91.71634635,
"Iran, Islamic Rep.",IRN,0,,,,,0,,,,,0,,,,,0,0,0,0,0,0,0,0,0,0,0,0,0,0,0,0,0,0,0,0.015643956,0.026611058,0.098604495,0.3856657,0.617701998,0.7630537,1.473157082,3.147701949,3.39093343,5.068748288,7.367445463,12.20460068,21.79772499,41.67395879,59.48322276,71.85814793,91.24950996,
Iraq,IRQ,0,,,,,0,,,,,0,,,,,0,0,0,0,0,0,0,0,0,0,0,0,0,0,0,0,0,0,0,0,0,0,0,0,0,0,0,0.078192699,0.304943439,2.133213381,5.554662303,32.8681554,47.86612145,58.08479789,63.43363142,74.92741407,
Ireland,IRL,0,,,,,0,,,,,0,,,,,0,0,0,0,0,0,0,0,0,0,0.00847917,0.042376592,0.098162261,0.17872599,0.386754919,0.711445218,0.905429322,1.236500367,1.708488279,2.450989949,4.378136914,7.933998807,14.83327804,25.48013627,44.6629981,64.67509764,76.81876178,76.29807828,87.57616937,94.83419003,102.6463528,110.0882535,114.0876227,114.0643602,105.5070239,105.0608715,
Isle of Man,IMN,,,,,,,,,,,,,,,,,,,,,,,,,,,,,,,,,,,,,,,,,,,,,,,,,,,,
Israel,ISR,,,,,,,,,,,,,,,,,,,,,,,,,,,,,,,0.327038627,0.464740352,0.704743314,1.225698536,2.47129098,8.033471596,18.4044624,28.65733379,35.95712611,47.02040816,69.96342821,85.42663457,95.89053272,98.9336891,106.0648407,111.9320068,119.1398131,123.9815601,122.892951,120.5247408,129.5251836,
Italy,ITA,0,,,,,0,,,,,0,,,,,0,0,0,0,0,0,0,0,0,0,0.01133531,0.015979884,0.029211018,0.059349148,0.116583596,0.468976665,1.000730798,1.378591828,2.124118106,3.940650981,6.901307243,11.2943515,20.63249648,36.00451996,53.22902394,74.19114164,89.94121282,94.82585686,98.55105815,107.8636281,121.9989891,136.436978,151.2430533,150.9906567,146.237007,149.8024238,
Jamaica,JAM,0,,,,,0,,,,,0,,,,,0,0,0,0,0,0,0,0,0,0,0,0,0,0,0,0,0.101702298,0.314810678,0.623549879,1.061218626,1.820080645,2.176958845,2.604309846,3.07511786,5.608848874,14.17137647,22.95103701,47.56363979,60.03579998,69.65437247,74.76094174,85.41361571,100.3188205,101.3442617,109.6624499,117.7644338,
Japan,JPN,0,,,,,0,,,,,0,,,,,0,0,0,0,0,0,0.01128366,0.016719432,0.022805826,0.033654952,0.051178429,0.078302275,0.123492313,0.198093188,0.397639624,0.702686644,1.112085926,1.378538827,1.711446489,3.466176647,9.336918343,21.39495631,30.33832153,37.42393165,44.88400632,52.64000473,58.84368575,63.64967162,67.84869791,71.59774892,75.51204089,78.13801309,84.00905528,86.44596992,90.08983665,94.70986497,
Jordan,JOR,0,,,,,0,,,,,0,,,,,0,0,0,0,0,0,0,0,0,0,0,0,0,0,0,0.045394322,0.041241185,0.039164211,0.037276648,0.035608398,0.282240763,0.557520211,1.009997172,1.792948188,2.530007478,8.107326733,17.60298932,24.20795951,25.66446553,30.70151229,57.98207521,78.43778219,84.27483221,91.81897356,101.6798986,109.4757731,
Kazakhstan,KAZ,0,,,,,0,,,,,0,,,,,0,0,0,0,0,0,0,0,0,0,0,0,0,0,0,0,0,0,0,0.002485213,0.029085158,0.062896819,0.07305476,0.197063291,0.331582181,1.32561783,3.916993391,6.911660233,8.925671099,16.29922472,35.63735172,50.7949688,79.58229916,95.12934765,106.0255392,118.8666299,
Kenya,KEN,0,,,,,0,,,,,0,,,,,0,0,0,0,0,0,0,0,0,0,0,0,0,0,0,0,0,0.004392563,0.004495784,0.007469161,0.008309718,0.010024264,0.023379,0.036219866,0.077988576,0.407644522,1.870546579,3.605220187,4.705726478,7.337168136,12.94966982,20.08792164,30.27701085,42.39603637,49.07117416,61.63179967,
Kiribati,KIR,0,,,,,0,,,,,0,,,,,0,0,0,0,0,0,0,0,0,0,0,0,0,0,0,0,0,0,0,0,0,0,0,0.027132022,0.24235374,0.357100345,0.461718293,0.568005783,0.592502478,0.680324786,0.706613906,0.748390959,0.789116505,1.035925911,1.020127108,10,
"Korea, Dem. Rep.",PRK,0,,,,,0,,,,,0,,,,,0,0,0,0,0,0,0,0,0,0,0,0,0,0,0,0,0,0,0,0,0,0,0,0,0,0,0,0,0,0,0,0,0,0,0.285751665,1.774086092,
"Korea, Rep.",KOR,0,,,,,0,,,,,0,,,,,0,0,0,0,0,0,0,0,0,,,0.017215423,0.024666266,0.048488386,0.093718735,0.1866267,0.383904964,0.622785883,1.070873434,2.160164668,3.639795534,6.987345415,14.96885146,30.28628341,50.2879293,57.04645592,61.33326858,67.91502457,70.18900938,76.15906243,79.65084341,83.22901008,91.56588451,93.82801654,98.35317455,103.8715928,
Kosovo,KSV,,,,,,,,,,,,,,,,,,,,,,,,,,,,,,,,,,,,,,,,,,,,,,,,,,,,
Kuwait,KWT,0,,,,,0,,,,,0,,,,,0,0,0,0,0,0,0,0,0,0,0,0.446667128,0.738134615,0.862848505,1.079887692,0.993204441,2.117179484,,,,7.224535002,9.278370145,12.50884554,14.17480253,16.15320127,24.52614559,43.6865666,59.28063171,66.76741336,91.34568175,100.573583,107.593599,113.3126728,114.0737677,146.4694292,160.8187135,
Kyrgyz Republic,KGZ,0,,,,,0,,,,,0,,,,,0,0,0,0,0,0,0,0,0,0,0,0,0,0,0,0,0,0,0,0,0,0,0,0.028308415,0.053178522,0.183737215,0.546006067,1.063679718,2.74189007,5.159561964,10.49184519,24.17946458,41.15725837,63.81288661,83.35419453,96.83327827,
Lao PDR,LAO,0,,,,,0,,,,,0,,,,,0,0,0,0,0,0,0,0,0,0,0,0,0,0,0,0,0,0.006539529,0.007460695,0.013360465,0.032095184,0.077221493,0.097975193,0.126014359,0.231338538,0.238496462,0.546228151,1.003511198,2.011365762,3.603123668,11.42862903,17.28241987,24.92519032,33.57908775,52.92156941,64.56047412,
Latvia,LVA,0,,,,,0,,,,,0,,,,,0,0,0,0,0,0,0,0,0,0,0,0,0,0,0,0,0,0.039283367,0.148246979,0.331807063,0.60372885,1.159846363,3.169121331,6.948492937,11.47651394,16.91000997,27.89095253,39.21947265,52.4460488,66.44324523,81.35588947,95.44342791,97.40380475,101.4348919,102.1627313,102.9968736,
Lebanon,LBN,0,,,,,0,,,,,0,,,,,0,0,0,0,0,0,0,0,0,0,0,0,0,0,0,0,0,0,0,0,3.465229597,5.594584216,10.39376207,13.8659794,16.99171796,19.85394657,20.16233388,20.03627242,20.2128311,22.1219537,24.51762157,27.00287032,30.47252732,34.24595894,56.95312593,68.00960492,
Lesotho,LSO,0,,,,,0,,,,,0,,,,,0,0,0,0,0,0,0,0,0,0,0,0,0,0,0,0,0,0,0,0,0,0.068991079,0.187645626,0.517159207,0.620367599,1.099864656,2.865786183,6.86244224,6.207564801,9.585365163,12.09177094,17.16147358,21.65110573,27.88439663,30.75561569,45.48355596,
Liberia,LBR,0,,,,,0,,,,,0,,,,,0,0,0,0,0,0,0,0,0,0,0,0,0,0,0,0,0,0,0,0,0,0,0,0,0,0.052681673,0.068043504,0.166884618,1.555600623,3.051358335,5.0274325,8.449723241,16.19120228,23.36029368,28.28681136,39.34171257,
Libya,LBY,0,,,,,0,,,,,0,,,,,0,0,0,0,0,0,0,0,0,0,0,0,0,0,0,0,0,0,0,0,0,0,0.201976298,0.39672834,0.584302822,0.76464452,0.937855623,1.288116044,2.291979408,8.845178767,34.66379327,66.63957577,74.71294043,119.993024,152.2369144,171.5184894,
Liechtenstein,LIE,,,,,,,,,,,,,,,,,,,,,,,,,,,,,,,0,,,,,,,,23.37176691,27.71789344,30.43862052,33.09365504,33.90828526,73.51643828,74.20340463,79.26850357,82.16888127,90.77581807,95.71802596,97.84188751,98.52353464,
Lithuania,LTU,0,,,,,0,,,,,0,,,,,0,0,0,0,0,0,0,0,0,0,0,0,0,0,0,0,0,0.007215994,0.033726053,0.123374961,0.40767661,1.415282541,4.624633965,7.539871598,9.420476143,14.97341362,29.24198832,47.43542217,60.85935838,88.8103386,127.506133,139.0129938,145.5163766,149.5671828,148.5720728,148.7976574,
Luxembourg,LUX,0,,,,,0,,,,,0,,,,,0,0,0,0,0,0,0,0,0,0,0.010907921,0.079271355,0.101146325,0.145133217,0.176345797,0.215791541,0.294315245,0.285586792,1.278570979,3.200347459,6.567880086,10.86366105,16.02288711,30.7275724,48.59515651,69.5104286,92.64798143,106.0122149,119.3454819,102.5988059,109.6401653,150.8557307,142.6062463,144.6843344,144.6413397,143.3925049,
"Macao SAR, China",MAC,0,,,,,0,,,,,0,,,,,0,0,0,0,0,0,0,0,0,0,0,0,0,0,0.389159776,0.620501572,1.311797517,2.782055964,3.929199129,5.471975423,9.00568738,11.06401059,12.85610023,19.67108652,27.83484016,32.66098127,44.17225989,61.43608501,79.23087303,91.98578257,110.6707659,129.0066029,157.0711615,179.8770597,195.2917479,206.2979779,
"Macedonia, FYR",MKD,0,,,,,0,,,,,0,,,,,0,0,0,0,0,0,0,0,0,0,0,0,0,0,0,0,0,0,0,0,0,0.053616232,0.623400777,1.510085304,2.435215658,5.761212409,11.0747368,18.06626761,38.26771522,48.4791487,55.49291034,61.85926129,87.622136,95.85909836,94.47905915,104.5351942,
Madagascar,MDG,0,,,,,0,,,,,0,,,,,0,0,0,0,0,0,0,0,0,0,0,0,0,0,0,0,0,0,0,0.002356987,0.009901573,0.016977589,0.029324116,0.088588672,0.240072435,0.410654016,0.930810079,0.99767623,1.684229201,1.923549219,2.852901384,5.67588527,11.6837003,24.73738484,31.22516479,37.22951144,
Malawi,MWI,0,,,,,0,,,,,0,,,,,0,0,0,0,0,0,0,0,0,0,0,0,0,0,0,0,0,0,0,0,0.003865086,0.036740593,0.067835209,0.0989413,0.206001228,0.436379595,0.483375584,0.727171962,1.112512243,1.780956216,3.284540007,4.699867658,7.732877763,10.76523981,16.43818951,20.38432991,
Malaysia,MYS,0,,,,,0,,,,,0,,,,,0,0,0,0,0,0,0,0,0,0,,0.066688578,0.104246592,0.15873194,0.222645346,0.475710273,0.694898281,1.04442872,1.72588935,2.829534176,4.850515014,7.15542289,9.182104501,9.855549893,13.07521203,21.87387532,30.81626035,36.92792463,44.38913936,57.09551136,74.88436601,73.20962871,86.30689233,100.7671876,107.8520662,119.2176332,
Maldives,MDV,0,,,,,0,,,,,0,,,,,0,0,0,0,0,0,0,0,0,0,0,0,0,0,0,0,0,0,0,0,0,0.007875256,0.498065652,0.608639959,1.089352197,2.795385674,6.801516248,14.84379982,23.18594876,38.91775606,68.96761956,90.52631931,103.2944696,141.6065299,146.8439945,156.4401899,
Mali,MLI,0,,,,,0,,,,,0,,,,,0,0,0,0,0,0,0,0,0,0,0,0,0,0,0,0,0,0,0,0,0,0.011760914,0.027402443,0.041950695,0.058223884,0.092055792,0.206163372,0.383056431,1.99693799,3.185504152,5.782854236,11.13051355,18.05099229,23.77987813,29.91682726,48.40847755,
Malta,MLT,0,,,,,0,,,,,0,,,,,0,0,0,0,0,0,0,0,0,0,0,0,0,0,0,0,0.637357538,0.968831313,1.453233307,2.038370282,2.913077399,3.354020934,4.714632924,5.968223863,9.895877267,30.00920383,60.91576173,69.91936237,72.75591974,76.27495838,80.22543749,85.3258302,90.09412052,93.61233159,101.9546319,109.4745192,
Marshall Islands,MHL,0,,,,,0,,,,,0,,,,,0,0,0,0,0,0,0,0,0,0,0,0,0,0,0,0,0,0,0,0.553742707,0.517565872,0.710268735,0.901406271,0.664355864,0.850614439,0.857225046,0.938021523,1.060192832,1.15017695,1.239224138,1.268328305,1.915341889,2.857850515,3.78214826,5.618398382,7.03208853,
Mauritania,MRT,0,,,,,0,,,,,0,,,,,0,0,0,0,0,0,0,0,0,0,0,0,0,0,0,0,0,0,0,0,0,0,0,0,0,0.578943923,4.060591825,8.828878566,12.17743354,17.62170411,24.46846319,33.87015613,44.01218052,63.48499994,64.60888256,79.33462428,
Mauritius,MUS,0,,,,,0,,,,,0,,,,,0,0,0,0,0,0,0,0,0,0,0,0,0,0,0,0.207787301,0.233586791,0.268525443,0.367878226,0.512739409,1.045474348,1.838013538,3.702481268,5.209143923,8.689004286,15.16590233,22.70358477,28.71700121,37.81491989,44.40986034,52.83140278,61.65851626,73.67659391,81.4542416,85.23299807,92.96643247,
Mayotte,MYT,0,,,,,0,,,,,0,,,,,0,0,0,0,0,0,0,0,0,0,0,0,0,0,0,0,0,0,0,0,0,0,0,0,0,0,0,12.7686608,20.23144283,28.40858754,,,,,,,
Mexico,MEX,0,,,,,0,,,,,0,,,,,0,0,0,0,0,0,0,0,0,0,0,0,0,0.001851621,0.010282284,0.075825616,0.187256618,0.357215621,0.433322059,0.627679618,0.746171548,1.088768074,1.823962141,3.4529982,7.848284842,14.08357061,21.47207848,25.26280506,28.96723372,36.55886045,44.2590939,51.37045296,60.94030683,68.06960457,74.25785259,80.55046419,
"Micronesia, Fed. Sts.",FSM,0,,,,,0,,,,,0,,,,,0,0,0,0,0,0,0,0,0,0,0,0,0,0,0,0,0,0,0,0,0,0,0,0,0,0,0,0.092826378,5.417955227,11.73457209,12.88076111,16.95616136,24.92097518,24.91686827,24.84730203,24.79099099,
Moldova,MDA,0,,,,,0,,,,,0,,,,,0,0,0,0,0,0,0,0,0,0,0,0,0,0,0,0,0,0,0,0,0.000380942,0.025083512,0.060114956,0.191635337,0.493556483,3.819113592,6.195855111,9.335343421,13.17351944,21.83724785,30.31279084,37.8788014,52.6385388,67.8807666,78.10269399,88.85603593,
Monaco,MCO,,,,,,,,,,,,,,,,,,,,,,,,,,,,,,,,,,,,,,,,,,,,,,,,,,,,
Mongolia,MNG,0,,,,,0,,,,,0,,,,,0,0,0,0,0,0,0,0,0,0,0,0,0,0,0,0,0,0,0,0,0,0.038703535,0.085265376,0.381596987,1.44679768,6.411295824,8.009808935,8.784583706,12.83610785,17.04917394,21.87408115,29.98673061,45.51643755,66.09916348,82.93900524,91.09107402,
Montenegro,MNE,,,,,,,,,,,,,,,,,,,,,,,,,,,,,,,,,,,,,,,,,,,,,77.16649227,86.67403816,102.6483318,111.9494492,184.0527031,205.2815913,185.1265823,
Morocco,MAR,0,,,,,0,,,,,0,,,,,0,0,0,0,0,0,0,0,0,0,0,0,0.000257171,0.000440667,0.002879404,0.003647941,0.00594343,0.012527355,0.025758613,0.052006515,0.109589804,0.157160475,0.268768085,0.41536272,1.297878733,8.133854771,16.38128869,21.04530631,24.72217628,31.03793239,40.77590198,52.1291356,64.58731247,72.84366405,80.00993155,100.0978968,
Mozambique,MOZ,0,,,,,0,,,,,0,,,,,0,0,0,0,0,0,0,0,0,0,0,0,0,0,0,0,0,0,0,0,0,0,0.014825898,0.038882899,0.069029125,0.28056681,0.816693783,1.32686834,2.209608038,3.496937488,7.240934322,10.98737623,14.12010897,19.72429017,26.12049369,30.88574605,
Myanmar,MMR,0,,,,,0,,,,,0,,,,,0,0,0,0,0,0,0,0,0,0,0,0,0,0,0,0,0,0,0.00156883,0.004620643,0.006564894,0.016988043,0.019588399,0.019375451,0.025595164,0.029799149,0.050019964,0.105202247,0.145095261,0.20067615,0.277842771,0.459634636,0.527841074,0.777535557,1.054601911,1.238454642,
Namibia,NAM,0,,,,,0,,,,,0,,,,,0,0,0,0,0,0,0,0,0,0,0,0,0,0,0,0,0,0,0,0,0.211947544,0.390599509,0.713522449,1.081783378,1.620715773,4.325261797,5.505063781,7.601063744,11.13709717,14.00134779,21.58017184,28.73741004,37.06697224,47.80901118,54.28000275,67.21541831,
Nepal,NPL,0,,,,,0,,,,,0,,,,,0,0,0,0,0,0,0,0,0,0,0,0,0,0,0,0,0,0,0,0,0,0,0,0,0.023084634,0.041908795,0.06919885,0.0855978,0.313144399,0.437078173,0.833210389,4.157203157,11.5208066,14.53017811,19.01922631,30.69382156,
Netherlands,NLD,0,,,,,0,,,,,0,,,,,0,0,0,0,0,0,0,0,0,,0.033122563,0.104993879,0.165018336,0.223575812,0.377132135,0.528374726,0.763115737,1.093244107,1.412654032,2.086741081,3.486640732,6.541966652,10.99890139,21.334153,42.6601471,67.53314634,76.03055681,74.9275695,81.35441793,90.89915789,97.02284357,105.8111656,117.7228536,125.4256992,121.8906658,115.4248917,
New Caledonia,NCL,0,,,,,0,,,,,0,,,,,0,0,0,0,0,0,0,0,0,0,0,0,0,0,0,0,0,0,0,0,0.42746114,1.045685279,2.577839228,6.36097561,12.1645779,23.42447123,31.25149546,36.11901215,43.02079872,50.61242763,57.28200074,65.00069194,72.75165017,80.52714126,85.34693379,89.39716599,
New Zealand,NZL,0,,,,,0,,,,,0,,,,,0,0,0,0,0,0,0,0,0,0,0,0,0.072617247,0.298507463,0.850500294,1.569025522,2.06861034,2.837160574,4.025530485,6.607552278,9.936298797,13.20471597,14.97329032,20.70773263,36.37454043,39.97096791,58.96147404,62.02355325,64.53615415,74.05504587,85.3915189,90.86388185,100.5417544,108.2246012,108.9021734,114.9267399,
Nicaragua,NIC,0,,,,,0,,,,,0,,,,,0,0,0,0,0,0,0,0,0,0,0,0,0,0,0,0,0,0,0.007313469,0.048128203,0.094888118,0.107750334,0.156690465,0.372769238,0.885513331,1.779646586,3.195196397,4.545221165,8.82530415,13.7905591,20.63624009,33.3159371,44.97549632,55.1496679,56.11625101,65.13231992,
Niger,NER,0,,,,,0,,,,,0,,,,,0,0,0,0,0,0,0,0,0,0,0,0,0,0,0,0,0,0,0,0,0,0,0.000996346,0.013243912,0.020780759,0.018823666,0.018800626,0.491543699,0.679673308,1.374207028,2.492349478,3.588373314,6.453619771,13.13236734,17.35877229,24.533213,
Nigeria,NGA,0,,,,,0,,,,,0,,,,,0,0,0,0,0,0,0,0,0,0,0,0,0,0,0,0,0,0,0.008623716,0.011912226,0.011816604,0.012431372,0.013013071,0.016951542,0.020698036,0.024254471,0.210300765,1.208519162,2.366830773,6.706192587,13.29320269,22.54949159,27.48908131,41.80678114,48.23561006,55.10423928,
Northern Mariana Islands,MNP,0,,,,,0,,,,,0,,,,,0,0,0,0,0,0,0,0,0,0,0,0,0,0,0,0,,,1.403347328,1.394662,2.086339691,,,,4.330972792,4.383913958,19.07955597,24.69557448,26.94305767,29.93099819,,,,,,,
Norway,NOR,0,,,,,0,,,,,0,,,,,0,0,0,0,0,0,0.040734668,0.268762393,0.568569375,0.94321416,1.518958627,2.089119379,2.866771517,3.615475326,3.966286412,4.640557655,5.500650909,6.600362402,8.613260093,13.56999114,22.51120852,28.79133214,38.06363769,46.7565572,59.70533267,71.78854799,79.60120086,83.51404171,88.958554,98.53742778,102.8369834,104.467999,106.975713,109.2905894,110.9949084,115.5384128,
Oman,OMN,0,,,,,0,,,,,0,,,,,0,0,0,0,0,0,0,0,0,0,0.003379751,0.046528605,0.069453849,0.098835006,0.116761705,0.146141307,0.188593775,0.232403931,0.265733194,0.309307305,0.360749779,0.664089997,2.33843922,4.330594012,5.35540883,7.1549619,14.17181949,20.10531188,25.42844141,33.90101315,54.87629193,72.99483663,97.61099053,122.0854824,146.3995788,165.5096299,
Pakistan,PAK,0,,,,,0,,,,,0,,,,,0,0,0,0,0,0,0,0,0,0,0,0,0,0,0,0.001788194,0.007393226,0.011439679,0.013219872,0.01986919,0.032167301,0.052041764,0.100574312,0.142296299,0.188030575,0.212073313,0.503264119,1.129291367,1.570067682,3.222703627,8.050153316,21.36452656,38.22340855,52.56722111,55.33439706,57.13700668,
Palau,PLW,,,,,,,,,,,,,,,,,,,,,,,,,,,,,,,,,,,,,,,,,,,12.55811577,19.92080414,19.81517952,30.39786999,41.70706112,53.14146535,57.67747676,62.63639045,70.88706526,
Panama,PAN,0,,,,,0,,,,,0,,,,,0,0,0,0,0,0,0,0,0,0,0,0,0,0,0,0,0,0,0,0,0,0.256249092,0.842198772,3.02056501,8.031628798,13.88306858,15.77160858,17.13339609,22.15298674,39.59648884,54.00144087,66.00079585,89.8516507,114.9350049,175.2413775,184.7072789,
Papua New Guinea,PNG,0,,,,,0,,,,,0,,,,,0,0,0,0,0,0,0,0,0,0,0,0,0,0,0,0,0,0,0,0,0,0.047203985,0.077598171,0.10889172,0.134699345,0.159142593,0.193890247,0.265020196,0.301566647,0.812204161,1.230428598,1.601302564,4.690206396,13.34500283,21.14679487,27.83724118,
Paraguay,PRY,0,,,,,0,,,,,0,,,,,0,0,0,0,0,0,0,0,0,0,0,0,0,0,0,0,0,0.03359628,0.074096401,0.163489367,0.3296308,0.669908158,1.679877958,4.518300953,8.323329095,15.36079366,21.0857473,29.9569663,31.19136242,30.22459942,31.99489438,53.8036084,76.71408226,92.94597224,88.5956273,91.73935544,
Peru,PER,0,,,,,0,,,,,0,,,,,0,0,0,0,0,0,0,0,0,0,0,0,0,0,0,0.007608758,0.02576613,0.095551533,0.157962195,0.223033813,0.308651936,0.828795937,1.710008969,2.961194516,3.977121642,4.925615057,6.837216967,8.679488046,10.88685454,15.02295368,20.25981639,32.72760118,54.73693214,73.60989776,85.86901405,100.1346437,
Philippines,PHL,0,,,,,0,,,,,0,,,,,0,0,0,0,0,0,0,0,0,0,0,0,0,0,0,0,0.054792893,0.086675954,0.15474385,0.253907309,0.71310266,1.353952827,1.855133567,2.341480792,3.766348031,8.348676655,15.39828669,19.07840957,27.35261712,39.23894528,40.65511117,49.20884301,64.6848428,75.54041897,82.42540791,85.66887123,
Poland,POL,0,,,,,0,,,,,0,,,,,0,0,0,0,0,0,0,0,0,0,0,0,0,0,0,0,0,0.005721559,0.040817538,0.10103612,0.1943257,0.561562558,2.101441513,4.986726363,10.23402035,17.54574982,26.1572922,36.35453484,45.54748817,60.4890543,76.42093784,96.3404126,108.573363,115.2144014,117.4436419,122.9627881,
Portugal,PRT,0,,,,,0,,,,,0,,,,,0,0,0,0,0,0,0,0,0,0,0,0,0,0,0.027806097,0.065109266,0.126406041,0.373742986,1.014766607,1.734372203,3.398127847,6.598331395,14.93350589,30.35388463,45.92490584,65.17756592,77.50449602,83.61943493,95.80148596,100.6582575,108.5112609,115.5143767,127.0455166,132.2598453,139.7036553,142.8360312,
Puerto Rico,PRI,0,,,,,0,,,,,0,,,,,0,0,0,0,0,0,0,0,0,0,0,,0.113805089,0.250439161,0.330894451,0.575883517,0.93792724,1.673558007,2.627577896,4.795523009,7.792342489,8.833032858,9.762118193,15.33944743,21.41533299,34.55574947,42.42468539,42.68574118,44.08620152,47.45659335,50.97434694,55.9966476,61.69416439,64.32046808,68.36458558,73.75535445,
Qatar,QAT,0,,,,,0,,,,,0,,,,,0,0,0,0,0,0,0,,,,,,,,,0.804480265,0.840087301,0.867055575,0.872776851,2.329306076,3.683699297,5.614903341,8.221836013,11.98116714,14.8042536,20.45089575,29.26189486,42.72901904,57.61820964,68.56404147,87.30514284,94.01401972,107.3005079,102.3943097,121.9684997,132.4192723,
Romania,ROU,0,,,,,0,,,,,0,,,,,0,0,0,0,0,0,0,0,0,0,0,0,0,0,0,0,0,0,0.003514432,0.012208422,0.039974837,0.07515804,0.891195336,2.856845303,6.031940135,11.1348894,17.3735822,23.43971363,32.37923738,47.10832289,61.72649068,74.07470544,94.67731118,113.7418887,118.1542188,114.9360948,
Russian Federation,RUS,0,,,,,0,,,,,0,,,,,0,0,0,0,0,0,0,0,0,0,0,0,0,0,0,0,0.000201852,0.004035268,0.0067331,0.018703484,0.059757933,0.150943217,0.329171645,0.50862157,0.936804981,2.230439567,5.310394852,12.11892191,24.98981553,51.24952396,83.82815229,105.7361404,120.4785362,140.5581825,162.4955939,167.6819922,
Rwanda,RWA,0,,,,,0,,,,,0,,,,,0,0,0,0,0,0,0,0,0,0,0,0,0,0,0,0,0,0,0,0,0,0,0,0.072003405,0.14506398,0.481579938,0.768596972,0.947417419,1.475751646,1.52359885,2.423219033,3.327904763,6.540703078,13.22095998,23.55918158,33.40324736,
Samoa,WSM,0,,,,,0,,,,,0,,,,,0,0,0,0,0,0,0,0,0,0,0,0,0,0,0,0,0,0,0,0,0,0,0.445955544,0.852814576,1.388373514,1.416037474,1.407301078,1.512706737,5.861304782,8.903777984,13.31580086,25.17066262,47.44120876,68.20344427,82.78463386,90.97826087,
San Marino,SMR,,,,,,,,,,,,,,,,,,,,,,,,,,,,,,,0,,3.633574226,5.179695593,7.478548374,9.112859257,8.800247133,9.011772827,18.95626356,36.08150352,53.78054659,57.56090477,59.32179392,58.24975011,57.48267277,56.59879212,56.60623027,56.43886864,76.92800821,76.53305271,76.10832752,
Sao Tome and Principe,STP,0,,,,,0,,,,,0,,,,,0,0,0,0,0,0,0,0,0,0,0,0,0,0,0,0,0,0,0,0,0,0,0,0,0,0,0,1.358388046,3.255245275,5.152650172,7.831767373,11.88875266,19.12735684,31.56106899,39.38098022,62.11939394,
Saudi Arabia,SAU,,,,,,,,,,,,,,,,,,,,,,,,,,,,,,,0.09201903,0.091968908,0.092081744,0.089990113,0.088083824,0.08656789,1.015284034,1.745829885,3.257685177,4.273105318,6.863866579,12.22653438,23.33293668,32.40845243,39.52725122,58.91649955,79.43729043,111.3543131,137.5797633,167.3474553,187.8620482,
Senegal,SEN,0,,,,,0,,,,,0,,,,,0,0,0,0,0,0,0,0,0,0,0,0,0,0,0,0,0,0,0,0.001203467,0.001457739,0.016434158,0.078772725,0.304215645,0.948491306,2.632596602,3.092693077,5.521683008,7.597847573,10.59711287,15.91354526,26.70316411,31.64192825,45.72051212,57.004782,67.10404536,
Serbia,SRB,,,,,,,,,,,,,,,,,,,,,,,,,,,,,,,,,,,,,,,,,,,,,63.37303369,74.06075904,89.63988597,114.5099443,130.8636434,135.39954,135.9943492,
Seychelles,SYC,0,,,,,0,,,,,0,,,,,0,0,0,0,0,0,0,0,0,0,0,0,0,0,0,0,0,0,0,0,0.066397535,1.364879543,2.906142087,6.582451868,20.29100858,31.99886603,45.17499569,53.44205496,59.45531401,65.90181818,70.93606755,83.14420804,90.88001129,107.498045,126.7703727,135.1574713,
Sierra Leone,SLE,0,,,,,0,,,,,0,,,,,0,0,0,0,0,0,0,0,0,0,0,0,0,0,0,0,0,0,0,0,0,0,0,0,0,0.288188959,0.624905608,1.487066406,2.393520535,,,,14.16500663,17.97535303,20.2115487,34.08897222,
Singapore,SGP,0,,,,,0,,,,,0,,,,,0,0,0,0,0,0,0,0,0,,,,,0.380428672,0.897134084,1.697669839,2.612548244,3.714365308,5.402142749,6.891781223,8.682082565,11.74190209,22.35511064,27.87482176,41.19534191,68.20924055,72.29579507,79.33429119,86.93010596,95.77603379,102.7849407,108.7972009,129.1047378,132.5536223,138.0383351,145.4520386,
Sint Maarten (Dutch part),SXM,,,,,,,,,,,,,,,,,,,,,,,,,,,,,,,,,,,,,,,,,,,,,,,,,,,,
Slovak Republic,SVK,0,,,,,0,,,,,0,,,,,0,0,0,0,0,0,0,0,0,0,0,0,0,0,0,0,0.002243888,0.02897258,0.058682085,0.111216459,0.229671807,0.533334723,3.717800134,8.633013982,12.30670012,23.08036046,39.9216229,54.34751005,68.3836942,79.42802128,84.28389005,90.75979953,112.427376,102.0977408,101.4603245,109.1162431,
Slovenia,SVN,0,,,,,0,,,,,0,,,,,0,0,0,0,0,0,0,0,0,0,0,0,0,0,0,0,0.026157468,0.175306962,0.326346833,0.820933296,1.371997797,2.072031572,4.713649245,8.155209679,31.84047765,61.11849366,73.79722498,83.59031952,87.14322006,92.5701498,87.94075804,90.66724867,95.55477816,101.6614423,102.9792089,103.5602733,
Solomon Islands,SLB,0,,,,,0,,,,,0,,,,,0,0,0,0,0,0,0,0,0,0,0,0,0,0,0,0,0,0,0,0.041546571,0.064533507,0.091985271,0.17476249,0.181439419,0.27488073,0.281602615,0.230110986,0.231192737,0.238553913,0.656571515,1.277125616,1.449275362,2.195411791,5.879805026,5.723825423,5.576208178,
Somalia,SOM,0,,,,,0,,,,,0,,,,,0,0,0,0,0,0,0,0,0,0,0,0,0,0,0,0,0,0,0,0,0,0,0,0,0,1.081222371,1.118874491,1.283490437,2.505651811,6.119277695,5.980962119,6.434632267,6.870103405,7.027367506,7.028625916,6.946736684,
South Africa,ZAF,0,,,,,0,,,,,0,,,,,0,0,0,0,0,0,0,0,0,0,0,0,0,0,0.011539393,0.016136364,0.019758937,0.034095798,0.106741253,0.8881175,1.367586912,2.382485291,4.486138816,7.964260774,12.08662357,18.95227273,24.01928954,30.09226743,36.55958755,44.65681402,71.95139741,83.09493803,87.65516467,92.22630236,94.15218729,100.7621372,
South Sudan,SSD,,,,,,,,,,,,,,,,,,,,,,,,,,,,,,,,,,,,,,,,,,,,,,,,,,,,
Spain,ESP,0,,,,,0,,,,,0,,,,,0,0,0,0,0,0,0,0,,,,0.004411503,0.010872148,0.030034212,0.076777182,0.140796364,0.278514763,0.461495794,0.656455572,1.048302191,2.399153508,7.593168035,10.95864469,16.20660733,37.57853852,60.26607264,72.82754547,81.16139544,88.60912404,90.46862025,98.37774626,103.5783032,107.8957404,108.9288971,111.2730222,112.0032732,
Sri Lanka,LKA,0,,,,,0,,,,,0,,,,,0,0,0,0,0,0,0,0,0,0,0,0,0,0,0,0.005825675,0.010260581,0.014903385,0.081932992,0.161318141,0.281499798,0.387277491,0.623433893,0.941118887,1.379115975,2.295012388,3.528534345,4.867765898,7.193668429,11.27531819,16.94226484,26.97875144,39.38132924,54.12993456,78.88773032,83.21817833,
St. Kitts and Nevis,KNA,0,,,,,0,,,,,0,,,,,0,0,0,0,0,0,0,0,0,0,0,0,0,0,0,0,,,,,,0.734034744,0.503190967,1.096436581,1.656412683,2.709659938,4.554227842,10.70434596,47.09912224,59.74084832,103.7154536,102.3870229,127.8366862,145.7868577,145.8880816,153.8461538,
St. Lucia,LCA,0,,,,,0,,,,,0,,,,,0,0,0,0,0,0,0,0,0,0,0,0,0,0,0,0,,,,0.367232232,0.68758294,0.951979437,1.069047078,1.250394862,1.496392393,1.602605195,1.70997549,8.994363206,61.63615988,62.17910043,64.29501613,63.46649678,87.3243118,99.39470795,109.4738063,114.3678161,
St. Martin (French part),MAF,,,,,,,,,,,,,,,,,,,,,,,,,,,,,,,,,,,,,,,,,,,,,,,,,,,,
St. Vincent and the Grenadines,VCT,0,,,,,0,,,,,0,,,,,0,0,0,0,0,0,0,0,0,0,0,0,0,0,0,0,,0.064844836,0.076815578,0.138774528,0.198913838,0.259141686,0.320432677,0.695042954,1.316411573,2.188319693,6.937872151,9.229773463,58.06061613,66.31910543,64.93494552,80.4586937,101.3121218,119.1613695,110.84022,120.9091743,
Sudan,SDN,0,,,,,0,,,,,0,,,,,0,0,0,0,0,0,0,0,0,0,0,0,0,0,0,0,0,0,0,0,0,0.007113041,0.011974633,0.026421438,0.038958687,0.067275601,0.29668392,0.532659744,1.438819883,2.795882758,4.75898144,11.89555131,20.3550956,28.95430467,36.11230146,40.53597998,
Suriname,SUR,0,,,,,0,,,,,0,,,,,0,0,0,0,0,0,0,0,0,0,0,0,0,0,0,0,0,0,0.253972742,0.321319129,0.386997614,0.546734978,0.504066239,1.322766469,3.800885715,8.792621121,18.37648992,22.56941841,34.61832375,43.14749937,46.62283144,63.37725509,74.48993994,127.5770484,146.9454335,169.5238095,
Swaziland,SWZ,0,,,,,0,,,,,0,,,,,0,0,0,0,0,0,0,0,0,0,0,0,0,0,0,0,0,0,0,0,0,0,0,0.466203647,1.38687466,3.264784244,5.43418731,6.709840484,8.376326109,14.27033019,19.65745925,24.53967267,37.25117684,51.52842703,62.86481477,69.3844697,
Sweden,SWE,0,,,,,0,,,,,0,,,,,0,0,0,0,0,0,0.244720782,0.327148824,0.435752866,0.694695263,0.874211084,1.345308249,2.060062369,2.880345129,4.109283873,5.388583843,6.59365526,7.568007954,8.88334669,15.72759487,22.74854284,28.18686307,35.82385021,46.42426924,57.86941652,71.82395978,80.68831245,89.0648449,98.24486514,97.68132227,100.8242694,105.7980806,110.5897492,108.61599,112.2759925,116.0738537,
Switzerland,CHE,0,,,,,0,,,,,0,,,,,0,0,0,0,0,0,0,0,0,0,0,0,0.083650288,0.466649458,1.094267534,1.862060103,2.567023011,3.127994387,3.714228269,4.749424311,6.351184196,9.371140508,14.73258356,23.88979973,42.79833219,64.56511118,72.97230345,78.74396016,84.33027874,84.91314512,91.8936039,99.36160581,108.710857,116.3321663,120.387183,121.7352415,
Syrian Arab Republic,SYR,0,,,,,0,,,,,0,,,,,0,0,0,0,0,0,0,0,0,0,0,0,0,0,0,0,0,0,0,0,0,0,0,0,0.025685757,0.187634464,1.215441504,2.358084853,6.775259884,13.02986088,15.95964363,24.78667644,32.39563508,35.93155369,50.01399925,57.70632367,
Tajikistan,TJK,0,,,,,0,,,,,0,,,,,0,0,0,0,0,0,0,0,0,0,0,0,0,0,0,0,0,0,0,0,0,0.001740515,0.005382511,0.00696786,0.010238738,0.018792099,0.026152864,0.209996836,0.751445068,2.112305824,4.10646435,32.95203992,32.29304106,54.89899298,72.2352688,86.36200029,
Tanzania,TZA,0,,,,,0,,,,,0,,,,,0,0,0,0,0,0,0,0,0,0,0,0,0,0,0,0,0,0,0,0.001276483,0.01168859,0.029360213,0.063939327,0.117139725,0.153476314,0.324688517,0.789184134,1.69359967,3.528297503,5.139340978,7.633071948,14.04933106,20.09341294,30.77244126,40.13691248,46.79613077,
Thailand,THA,0,,,,,0,,,,,0,,,,,0,0,0,0,0,0,0,0,0,0,0,0.001539189,0.010818748,0.031719041,0.070953219,0.110777502,0.214083778,0.430364671,0.704872513,1.246954633,2.175729395,3.061209368,3.616887074,3.20620292,3.748521098,4.838886227,11.81554374,15.7349765,33.39159937,41.44489898,46.68253249,60.53116887,78.1368246,90.58003795,95.99190157,103.6199358,
Timor-Leste,TLS,,,,,,,,,,,,,,,,,,,,,,,,,,,,,,,0,,,,,,,,,,,,,2.153708054,2.640797352,3.273266051,4.727645267,7.373417423,11.57694983,31.90245907,53.4341637,
Togo,TGO,0,,,,,0,,,,,0,,,,,0,0,0,0,0,0,0,0,0,0,0,0,0,0,0,0,0,0,0,0,0,0,0.06886088,0.16666026,0.365532127,1.043078299,1.928486836,3.269464428,4.711820623,6.288726017,8.018333431,12.80310631,21.05711654,26.82336372,37.06178003,40.68402455,
Tonga,TON,0,,,,,0,,,,,0,,,,,0,0,0,0,0,0,0,0,0,0,0,0,0,0,0,0,0,0,0,0,0.312803028,0.313942368,0.124286646,0.134067611,0.143691433,0.183795374,0.239652301,3.386066045,11.23832268,16.35322976,29.59792323,29.58241455,45.49944256,49.04479642,51.19833074,52.21153846,
Trinidad and Tobago,TTO,0,,,,,0,,,,,0,,,,,0,0,0,0,0,0,0,0,0,0,0,0,0,0,0,0,0.034797298,0.103505321,0.135012343,0.207422187,0.503629573,0.751388461,1.343828893,2.052995327,3.004108415,12.52730141,19.74660784,20.18875579,25.75308273,49.68549284,70.25314242,115.0241817,113.8894085,135.6923909,138.163384,141.2557793,
Tunisia,TUN,0,,,,,0,,,,,0,,,,,0,0,0,0,0,0,0,0,0,0,,,0.002914863,0.005103327,0.00799126,0.011686942,0.014895049,0.023251157,0.026208792,0.030730313,0.035556796,0.071512658,0.083081932,0.417837207,0.584375892,1.24603963,4.023403903,5.871395128,19.48748958,37.61120172,56.64299531,72.46365979,76.6996802,83.28247926,93.8448408,105.3579107,
Turkey,TUR,0,,,,,0,,,,,0,,,,,0,0,0,0,0,0,0,0,0,0,0,0.000724299,0.009933951,0.018833747,0.029334144,0.058763796,0.086851231,0.109610227,0.147800242,0.301804797,0.742601897,1.34789759,2.648443237,5.67861217,12.95450329,25.35588104,30.32446058,35.63710418,42.03764449,51.62054061,63.99607585,76.25253719,88.54603292,92.80971263,87.38046482,84.90438064,
Turkmenistan,TKM,0,,,,,0,,,,,0,,,,,0,0,0,0,0,0,0,0,0,0,0,0,0,0,0,0,0,0,0,0,0,0,0.057656946,0.068254835,0.089899216,0.166614128,0.179557826,0.177670321,0.197658648,1.066690286,2.211532447,4.516345481,7.855162227,23.07967882,42.83193753,63.41975407,
Turks and Caicos Islands,TCA,,,,,,,,,,,,,,,,,,,,,,,,,,,,,,,,,,,,,,,,,,,,,,,,,,,,
Tuvalu,TUV,0,,,,,0,,,,,0,,,,,0,0,0,0,0,0,0,0,0,0,0,0,0,0,0,0,0,0,0,0,0,0,0,0,0,0,0,0,0,5.18349575,13.41035692,16.4406083,18.4388445,20.43735949,20.39567612,25.44011397,
Uganda,UGA,0,,,,,0,,,,,0,,,,,0,0,0,0,0,0,0,0,0,0,0,0,0,0,0,0,0,0,0,0,0.008386509,0.018627531,0.022600724,0.131643366,0.239999663,0.524149717,1.134798055,1.524788503,2.913369367,4.233161028,4.626255012,6.839635112,13.82759565,27.29747916,28.99085634,38.38039732,
Ukraine,UKR,0,,,,,0,,,,,0,,,,,0,0,0,0,0,0,0,0,0,0,0,0,0,0,0,0,0,0,0.000124571,0.009630007,0.027177976,0.058757641,0.11305665,0.23033691,0.435982272,1.664483764,4.569481119,7.660805975,13.59134502,28.94528319,63.71596312,104.891214,118.7726769,120.3710391,119.3026667,117.5460422,
United Arab Emirates,ARE,,,,,,,,,,,,,,,,,,,,,,,0.201324421,0.29284622,0.385923488,0.587398073,0.783251259,0.903953238,0.857901626,1.459485898,1.856531033,2.251949407,2.428832801,3.326854264,4.097125814,5.491414024,7.834896198,11.84606431,17.90159815,28.72820446,47.07826725,60.62357117,74.60219726,87.39684895,100.685476,111.4218269,118.370469,143.0293101,150.7701531,153.7997194,145.4475373,
United Kingdom,GBR,0,,,,,0,,,,,0,,,,,0,0,0,0,0,0,0,0,0,0,0.088416911,0.229352149,0.510544954,0.983693057,1.708227371,1.945933581,2.194170239,2.617209932,3.929408284,6.808864208,9.886040839,12.4612946,15.16025683,25.43807022,46.32559238,73.78187319,78.30248244,82.97906228,91.08549355,99.69941972,108.7130235,115.6484778,121.0694655,124.9894806,129.8400122,130.343701,
United States,USA,0,,,,,0,,,,,0,,,,,0,0,0,0,0,0,,,,0.038842362,0.1429923,0.283936402,0.508011094,0.846400599,1.42166689,2.116413552,2.987239358,4.301033472,6.159403891,9.17219165,12.6881158,16.34891349,20.28640123,25.08911272,30.83679867,38.7996511,45.09263123,49.30027113,55.37146066,63.12010106,68.93013817,76.94887986,82.76034959,85.92738733,89.41507737,90.15707179,
Uruguay,URY,0,,,,,0,,,,,0,,,,,0,0,0,0,0,0,0,0,0,0,0,0,0,0,0,0,0,0.05428274,0.156403691,0.213258458,1.237947125,2.42929407,3.047587866,4.622825708,9.703513461,12.44489518,15.71750239,15.52134984,15.06051281,18.16525387,34.93707731,70.29823205,90.38531776,105.2117963,122.9188702,132.1762884,
Uzbekistan,UZB,0,,,,,0,,,,,0,,,,,0,0,0,0,0,0,0,0,0,0,0,0,0,0,0,0,0,0,0.002278735,0.004030925,0.016374808,0.040947255,0.072810242,0.111537982,0.165528689,0.21552504,0.512776142,0.739553656,1.254776572,2.103696257,2.751557305,9.552692678,21.18303558,45.32652321,59.12743184,74.22417458,
Vanuatu,VUT,0,,,,,0,,,,,0,,,,,0,0,0,0,0,0,0,0,0,0,0,0,0,0,0,0,0,0,0,0.038964043,0.071911234,0.089647986,0.118339136,0.123633012,0.165527287,0.19721841,0.184653695,2.518568014,3.9006241,5.10991871,6.010323436,6.920095959,11.69185662,15.78663486,54.08785662,118.875,
"Venezuela, RB",VEN,0,,,,,0,,,,,0,,,,,0,0,0,0,0,0,0,0,0,0,0,0,0,0.009554506,0.019098617,0.037579747,0.082190424,0.3802701,0.864542399,1.478015104,1.831874064,2.585103546,4.66875735,8.583936275,15.85760674,22.40620295,26.13601454,25.93931007,27.32383345,32.23094883,47.01704858,69.51080611,86.67224466,98.13630571,99.08247604,96.6911424,
Vietnam,VNM,0,,,,,0,,,,,0,,,,,0,0,0,0,0,0,0,0,0,0,0,0,0,0,0,0,0,0.001168735,0.005829606,0.01764926,0.032640929,0.094195063,0.215938224,0.295137715,0.429092898,1.015779799,1.591425955,2.391776582,3.407548802,6.090545288,11.64315146,22.67650907,53.45934451,87.95851381,114.1807382,177.1581079,
Virgin Islands (U.S.),VIR,0,,,,,0,,,,,0,,,,,0,0,0,0,0,0,0,0,0,0,0,0,0,0,0,0,,,,,,,14.76627751,23.03404432,27.6253269,32.21679139,37.70218949,41.45130046,45.16802873,58.70841487,73.26642336,,,,,,
West Bank and Gaza,PSE,,,,,,,,,,,,,,,,,,,,,,,,,,,,,,,0,,0,0,0,,,,,,0.235540851,5.656423495,7.81241663,7.919930184,12.64665817,15.87781681,22.20359131,26.65531544,33.38335904,44.51899452,,
"Yemen, Rep.",YEM,0,,,,,0,,,,,0,,,,,0,0,0,0,0,0,0,0,0,0,0,0,0,0,0,0,0,0.011751156,0.037280994,0.056371954,0.054462017,0.056078177,0.07546094,0.096585182,0.160833365,0.180791422,0.809355826,2.584280361,3.476684255,7.370375395,11.03006624,13.9880271,19.8159292,28.48417979,35.63496117,46.08572735,
Zambia,ZMB,0,,,,,0,,,,,0,,,,,0,0,0,0,0,0,0,0,0,0,0,0,0,0,0,0,0,0,0,0,0.017344107,0.029698979,0.048311128,0.085312441,0.283455747,0.968998669,1.159828035,1.300718915,2.203275274,4.148824982,8.284145549,14.15585648,21.89084976,28.58734991,34.63352695,42.13654367,
Zimbabwe,ZWE,0,,,,,0,,,,,0,,,,,0,0,0,0,0,0,0,0,0,0,0,0,0,0,0,0,0,0,0,0,0,0,0.047441286,0.154953513,1.402633533,2.129913185,2.497030819,2.687060723,2.883154433,3.37949799,5.147769979,6.777090032,9.819965877,13.28928471,31.99456918,61.25208814,
